Created by PLY version 3.11 (http://www.dabeaz.com/ply)

Unused terminals:

    AND_ASSIGN
    AUTO
    BITAND
    BITNOT
    BITOR
    BITXOR
    CASE
    COLON
    CONST
    DEFAULT
    DIV_ASSIGN
    DO
    ENUM
    EXTERN
    GOTO
    HASH
    INLINE
    LBRACKET
    LONG
    LSHIFT
    LSHIFT_ASSIGN
    MINUS_ASSIGN
    MOD_ASSIGN
    MULT_ASSIGN
    OR_ASSIGN
    PLUS_ASSIGN
    QUESTION
    RBRACKET
    REGISTER
    RESTRICT
    RSHIFT
    RSHIFT_ASSIGN
    SHORT
    SIGNED
    SIZEOF
    STATIC
    STRUCT
    SWITCH
    TYPEDEF
    UNION
    UNSIGNED
    VOLATILE
    XOR_ASSIGN

Grammar

Rule 0     S' -> program
Rule 1     program -> external_declaration_list
Rule 2     external_declaration_list -> external_declaration_list external_declaration
Rule 3     external_declaration_list -> external_declaration
Rule 4     external_declaration -> function_definition
Rule 5     external_declaration -> declaration
Rule 6     declaration -> type_specifier init_declarator_list SEMI
Rule 7     type_specifier -> INT
Rule 8     type_specifier -> FLOAT
Rule 9     type_specifier -> DOUBLE
Rule 10    type_specifier -> CHAR
Rule 11    type_specifier -> VOID
Rule 12    init_declarator_list -> init_declarator
Rule 13    init_declarator_list -> init_declarator_list COMMA init_declarator
Rule 14    init_declarator -> ID
Rule 15    init_declarator -> ID ASSIGN constant
Rule 16    constant -> NUMBER
Rule 17    constant -> FLOATNUM
Rule 18    constant -> CHAR_CONST
Rule 19    constant -> STRING
Rule 20    function_definition -> type_specifier ID LPAREN parameter_list RPAREN compound_statement
Rule 21    function_definition -> type_specifier ID LPAREN RPAREN compound_statement
Rule 22    parameter_list -> parameter
Rule 23    parameter_list -> parameter_list COMMA parameter
Rule 24    parameter -> type_specifier ID
Rule 25    compound_statement -> LBRACE statement_list RBRACE
Rule 26    compound_statement -> LBRACE RBRACE
Rule 27    statement_list -> statement_list statement
Rule 28    statement_list -> statement
Rule 29    statement -> declaration
Rule 30    statement -> expression_statement
Rule 31    statement -> selection_statement
Rule 32    statement -> iteration_statement
Rule 33    statement -> jump_statement
Rule 34    statement -> compound_statement
Rule 35    expression_statement -> expression SEMI
Rule 36    expression_statement -> SEMI
Rule 37    expression -> assignment_expression
Rule 38    expression -> expression COMMA assignment_expression
Rule 39    assignment_expression -> ID ASSIGN assignment_expression
Rule 40    assignment_expression -> logical_or_expression
Rule 41    logical_or_expression -> logical_and_expression
Rule 42    logical_or_expression -> logical_or_expression OR logical_and_expression
Rule 43    logical_and_expression -> equality_expression
Rule 44    logical_and_expression -> logical_and_expression AND equality_expression
Rule 45    equality_expression -> relational_expression
Rule 46    equality_expression -> equality_expression EQ relational_expression
Rule 47    equality_expression -> equality_expression NEQ relational_expression
Rule 48    relational_expression -> additive_expression
Rule 49    relational_expression -> relational_expression LT additive_expression
Rule 50    relational_expression -> relational_expression LE additive_expression
Rule 51    relational_expression -> relational_expression GT additive_expression
Rule 52    relational_expression -> relational_expression GE additive_expression
Rule 53    additive_expression -> multiplicative_expression
Rule 54    additive_expression -> additive_expression PLUS multiplicative_expression
Rule 55    additive_expression -> additive_expression MINUS multiplicative_expression
Rule 56    multiplicative_expression -> unary_expression
Rule 57    multiplicative_expression -> multiplicative_expression MULT unary_expression
Rule 58    multiplicative_expression -> multiplicative_expression DIV unary_expression
Rule 59    multiplicative_expression -> multiplicative_expression MOD unary_expression
Rule 60    postfix_expression -> primary_expression
Rule 61    postfix_expression -> postfix_expression LPAREN argument_expression_list_opt RPAREN
Rule 62    postfix_expression -> postfix_expression INCREMENT
Rule 63    postfix_expression -> postfix_expression DECREMENT
Rule 64    argument_expression_list_opt -> argument_expression_list
Rule 65    argument_expression_list_opt -> empty
Rule 66    argument_expression_list -> assignment_expression
Rule 67    argument_expression_list -> argument_expression_list COMMA assignment_expression
Rule 68    unary_expression -> postfix_expression
Rule 69    unary_expression -> PLUS unary_expression
Rule 70    unary_expression -> MINUS unary_expression
Rule 71    unary_expression -> NOT unary_expression
Rule 72    unary_expression -> INCREMENT unary_expression
Rule 73    unary_expression -> DECREMENT unary_expression
Rule 74    primary_expression -> ID
Rule 75    primary_expression -> constant
Rule 76    primary_expression -> LPAREN expression RPAREN
Rule 77    selection_statement -> IF LPAREN expression RPAREN statement
Rule 78    selection_statement -> IF LPAREN expression RPAREN statement ELSE statement
Rule 79    iteration_statement -> WHILE LPAREN expression RPAREN statement
Rule 80    iteration_statement -> FOR LPAREN expression_statement expression_statement expression RPAREN statement
Rule 81    jump_statement -> RETURN expression SEMI
Rule 82    jump_statement -> BREAK SEMI
Rule 83    jump_statement -> CONTINUE SEMI
Rule 84    empty -> <empty>

Terminals, with rules where they appear

AND                  : 44
AND_ASSIGN           : 
ASSIGN               : 15 39
AUTO                 : 
BITAND               : 
BITNOT               : 
BITOR                : 
BITXOR               : 
BREAK                : 82
CASE                 : 
CHAR                 : 10
CHAR_CONST           : 18
COLON                : 
COMMA                : 13 23 38 67
CONST                : 
CONTINUE             : 83
DECREMENT            : 63 73
DEFAULT              : 
DIV                  : 58
DIV_ASSIGN           : 
DO                   : 
DOUBLE               : 9
ELSE                 : 78
ENUM                 : 
EQ                   : 46
EXTERN               : 
FLOAT                : 8
FLOATNUM             : 17
FOR                  : 80
GE                   : 52
GOTO                 : 
GT                   : 51
HASH                 : 
ID                   : 14 15 20 21 24 39 74
IF                   : 77 78
INCREMENT            : 62 72
INLINE               : 
INT                  : 7
LBRACE               : 25 26
LBRACKET             : 
LE                   : 50
LONG                 : 
LPAREN               : 20 21 61 76 77 78 79 80
LSHIFT               : 
LSHIFT_ASSIGN        : 
LT                   : 49
MINUS                : 55 70
MINUS_ASSIGN         : 
MOD                  : 59
MOD_ASSIGN           : 
MULT                 : 57
MULT_ASSIGN          : 
NEQ                  : 47
NOT                  : 71
NUMBER               : 16
OR                   : 42
OR_ASSIGN            : 
PLUS                 : 54 69
PLUS_ASSIGN          : 
QUESTION             : 
RBRACE               : 25 26
RBRACKET             : 
REGISTER             : 
RESTRICT             : 
RETURN               : 81
RPAREN               : 20 21 61 76 77 78 79 80
RSHIFT               : 
RSHIFT_ASSIGN        : 
SEMI                 : 6 35 36 81 82 83
SHORT                : 
SIGNED               : 
SIZEOF               : 
STATIC               : 
STRING               : 19
STRUCT               : 
SWITCH               : 
TYPEDEF              : 
UNION                : 
UNSIGNED             : 
VOID                 : 11
VOLATILE             : 
WHILE                : 79
XOR_ASSIGN           : 
error                : 

Nonterminals, with rules where they appear

additive_expression  : 48 49 50 51 52 54 55
argument_expression_list : 64 67
argument_expression_list_opt : 61
assignment_expression : 37 38 39 66 67
compound_statement   : 20 21 34
constant             : 15 75
declaration          : 5 29
empty                : 65
equality_expression  : 43 44 46 47
expression           : 35 38 76 77 78 79 80 81
expression_statement : 30 80 80
external_declaration : 2 3
external_declaration_list : 1 2
function_definition  : 4
init_declarator      : 12 13
init_declarator_list : 6 13
iteration_statement  : 32
jump_statement       : 33
logical_and_expression : 41 42 44
logical_or_expression : 40 42
multiplicative_expression : 53 54 55 57 58 59
parameter            : 22 23
parameter_list       : 20 23
postfix_expression   : 61 62 63 68
primary_expression   : 60
program              : 0
relational_expression : 45 46 47 49 50 51 52
selection_statement  : 31
statement            : 27 28 77 78 78 79 80
statement_list       : 25 27
type_specifier       : 6 20 21 24
unary_expression     : 56 57 58 59 69 70 71 72 73

Parsing method: LALR

state 0

    (0) S' -> . program
    (1) program -> . external_declaration_list
    (2) external_declaration_list -> . external_declaration_list external_declaration
    (3) external_declaration_list -> . external_declaration
    (4) external_declaration -> . function_definition
    (5) external_declaration -> . declaration
    (20) function_definition -> . type_specifier ID LPAREN parameter_list RPAREN compound_statement
    (21) function_definition -> . type_specifier ID LPAREN RPAREN compound_statement
    (6) declaration -> . type_specifier init_declarator_list SEMI
    (7) type_specifier -> . INT
    (8) type_specifier -> . FLOAT
    (9) type_specifier -> . DOUBLE
    (10) type_specifier -> . CHAR
    (11) type_specifier -> . VOID

    INT             shift and go to state 7
    FLOAT           shift and go to state 8
    DOUBLE          shift and go to state 9
    CHAR            shift and go to state 10
    VOID            shift and go to state 11

    program                        shift and go to state 1
    external_declaration_list      shift and go to state 2
    external_declaration           shift and go to state 3
    function_definition            shift and go to state 4
    declaration                    shift and go to state 5
    type_specifier                 shift and go to state 6

state 1

    (0) S' -> program .



state 2

    (1) program -> external_declaration_list .
    (2) external_declaration_list -> external_declaration_list . external_declaration
    (4) external_declaration -> . function_definition
    (5) external_declaration -> . declaration
    (20) function_definition -> . type_specifier ID LPAREN parameter_list RPAREN compound_statement
    (21) function_definition -> . type_specifier ID LPAREN RPAREN compound_statement
    (6) declaration -> . type_specifier init_declarator_list SEMI
    (7) type_specifier -> . INT
    (8) type_specifier -> . FLOAT
    (9) type_specifier -> . DOUBLE
    (10) type_specifier -> . CHAR
    (11) type_specifier -> . VOID

    $end            reduce using rule 1 (program -> external_declaration_list .)
    INT             shift and go to state 7
    FLOAT           shift and go to state 8
    DOUBLE          shift and go to state 9
    CHAR            shift and go to state 10
    VOID            shift and go to state 11

    external_declaration           shift and go to state 12
    function_definition            shift and go to state 4
    declaration                    shift and go to state 5
    type_specifier                 shift and go to state 6

state 3

    (3) external_declaration_list -> external_declaration .

    INT             reduce using rule 3 (external_declaration_list -> external_declaration .)
    FLOAT           reduce using rule 3 (external_declaration_list -> external_declaration .)
    DOUBLE          reduce using rule 3 (external_declaration_list -> external_declaration .)
    CHAR            reduce using rule 3 (external_declaration_list -> external_declaration .)
    VOID            reduce using rule 3 (external_declaration_list -> external_declaration .)
    $end            reduce using rule 3 (external_declaration_list -> external_declaration .)


state 4

    (4) external_declaration -> function_definition .

    INT             reduce using rule 4 (external_declaration -> function_definition .)
    FLOAT           reduce using rule 4 (external_declaration -> function_definition .)
    DOUBLE          reduce using rule 4 (external_declaration -> function_definition .)
    CHAR            reduce using rule 4 (external_declaration -> function_definition .)
    VOID            reduce using rule 4 (external_declaration -> function_definition .)
    $end            reduce using rule 4 (external_declaration -> function_definition .)


state 5

    (5) external_declaration -> declaration .

    INT             reduce using rule 5 (external_declaration -> declaration .)
    FLOAT           reduce using rule 5 (external_declaration -> declaration .)
    DOUBLE          reduce using rule 5 (external_declaration -> declaration .)
    CHAR            reduce using rule 5 (external_declaration -> declaration .)
    VOID            reduce using rule 5 (external_declaration -> declaration .)
    $end            reduce using rule 5 (external_declaration -> declaration .)


state 6

    (20) function_definition -> type_specifier . ID LPAREN parameter_list RPAREN compound_statement
    (21) function_definition -> type_specifier . ID LPAREN RPAREN compound_statement
    (6) declaration -> type_specifier . init_declarator_list SEMI
    (12) init_declarator_list -> . init_declarator
    (13) init_declarator_list -> . init_declarator_list COMMA init_declarator
    (14) init_declarator -> . ID
    (15) init_declarator -> . ID ASSIGN constant

    ID              shift and go to state 13

    init_declarator_list           shift and go to state 14
    init_declarator                shift and go to state 15

state 7

    (7) type_specifier -> INT .

    ID              reduce using rule 7 (type_specifier -> INT .)


state 8

    (8) type_specifier -> FLOAT .

    ID              reduce using rule 8 (type_specifier -> FLOAT .)


state 9

    (9) type_specifier -> DOUBLE .

    ID              reduce using rule 9 (type_specifier -> DOUBLE .)


state 10

    (10) type_specifier -> CHAR .

    ID              reduce using rule 10 (type_specifier -> CHAR .)


state 11

    (11) type_specifier -> VOID .

    ID              reduce using rule 11 (type_specifier -> VOID .)


state 12

    (2) external_declaration_list -> external_declaration_list external_declaration .

    INT             reduce using rule 2 (external_declaration_list -> external_declaration_list external_declaration .)
    FLOAT           reduce using rule 2 (external_declaration_list -> external_declaration_list external_declaration .)
    DOUBLE          reduce using rule 2 (external_declaration_list -> external_declaration_list external_declaration .)
    CHAR            reduce using rule 2 (external_declaration_list -> external_declaration_list external_declaration .)
    VOID            reduce using rule 2 (external_declaration_list -> external_declaration_list external_declaration .)
    $end            reduce using rule 2 (external_declaration_list -> external_declaration_list external_declaration .)


state 13

    (20) function_definition -> type_specifier ID . LPAREN parameter_list RPAREN compound_statement
    (21) function_definition -> type_specifier ID . LPAREN RPAREN compound_statement
    (14) init_declarator -> ID .
    (15) init_declarator -> ID . ASSIGN constant

    LPAREN          shift and go to state 16
    SEMI            reduce using rule 14 (init_declarator -> ID .)
    COMMA           reduce using rule 14 (init_declarator -> ID .)
    ASSIGN          shift and go to state 17


state 14

    (6) declaration -> type_specifier init_declarator_list . SEMI
    (13) init_declarator_list -> init_declarator_list . COMMA init_declarator

    SEMI            shift and go to state 18
    COMMA           shift and go to state 19


state 15

    (12) init_declarator_list -> init_declarator .

    SEMI            reduce using rule 12 (init_declarator_list -> init_declarator .)
    COMMA           reduce using rule 12 (init_declarator_list -> init_declarator .)


state 16

    (20) function_definition -> type_specifier ID LPAREN . parameter_list RPAREN compound_statement
    (21) function_definition -> type_specifier ID LPAREN . RPAREN compound_statement
    (22) parameter_list -> . parameter
    (23) parameter_list -> . parameter_list COMMA parameter
    (24) parameter -> . type_specifier ID
    (7) type_specifier -> . INT
    (8) type_specifier -> . FLOAT
    (9) type_specifier -> . DOUBLE
    (10) type_specifier -> . CHAR
    (11) type_specifier -> . VOID

    RPAREN          shift and go to state 22
    INT             shift and go to state 7
    FLOAT           shift and go to state 8
    DOUBLE          shift and go to state 9
    CHAR            shift and go to state 10
    VOID            shift and go to state 11

    type_specifier                 shift and go to state 20
    parameter_list                 shift and go to state 21
    parameter                      shift and go to state 23

state 17

    (15) init_declarator -> ID ASSIGN . constant
    (16) constant -> . NUMBER
    (17) constant -> . FLOATNUM
    (18) constant -> . CHAR_CONST
    (19) constant -> . STRING

    NUMBER          shift and go to state 25
    FLOATNUM        shift and go to state 26
    CHAR_CONST      shift and go to state 27
    STRING          shift and go to state 28

    constant                       shift and go to state 24

state 18

    (6) declaration -> type_specifier init_declarator_list SEMI .

    INT             reduce using rule 6 (declaration -> type_specifier init_declarator_list SEMI .)
    FLOAT           reduce using rule 6 (declaration -> type_specifier init_declarator_list SEMI .)
    DOUBLE          reduce using rule 6 (declaration -> type_specifier init_declarator_list SEMI .)
    CHAR            reduce using rule 6 (declaration -> type_specifier init_declarator_list SEMI .)
    VOID            reduce using rule 6 (declaration -> type_specifier init_declarator_list SEMI .)
    $end            reduce using rule 6 (declaration -> type_specifier init_declarator_list SEMI .)
    RBRACE          reduce using rule 6 (declaration -> type_specifier init_declarator_list SEMI .)
    SEMI            reduce using rule 6 (declaration -> type_specifier init_declarator_list SEMI .)
    IF              reduce using rule 6 (declaration -> type_specifier init_declarator_list SEMI .)
    WHILE           reduce using rule 6 (declaration -> type_specifier init_declarator_list SEMI .)
    FOR             reduce using rule 6 (declaration -> type_specifier init_declarator_list SEMI .)
    RETURN          reduce using rule 6 (declaration -> type_specifier init_declarator_list SEMI .)
    BREAK           reduce using rule 6 (declaration -> type_specifier init_declarator_list SEMI .)
    CONTINUE        reduce using rule 6 (declaration -> type_specifier init_declarator_list SEMI .)
    LBRACE          reduce using rule 6 (declaration -> type_specifier init_declarator_list SEMI .)
    ID              reduce using rule 6 (declaration -> type_specifier init_declarator_list SEMI .)
    PLUS            reduce using rule 6 (declaration -> type_specifier init_declarator_list SEMI .)
    MINUS           reduce using rule 6 (declaration -> type_specifier init_declarator_list SEMI .)
    NOT             reduce using rule 6 (declaration -> type_specifier init_declarator_list SEMI .)
    INCREMENT       reduce using rule 6 (declaration -> type_specifier init_declarator_list SEMI .)
    DECREMENT       reduce using rule 6 (declaration -> type_specifier init_declarator_list SEMI .)
    LPAREN          reduce using rule 6 (declaration -> type_specifier init_declarator_list SEMI .)
    NUMBER          reduce using rule 6 (declaration -> type_specifier init_declarator_list SEMI .)
    FLOATNUM        reduce using rule 6 (declaration -> type_specifier init_declarator_list SEMI .)
    CHAR_CONST      reduce using rule 6 (declaration -> type_specifier init_declarator_list SEMI .)
    STRING          reduce using rule 6 (declaration -> type_specifier init_declarator_list SEMI .)
    ELSE            reduce using rule 6 (declaration -> type_specifier init_declarator_list SEMI .)


state 19

    (13) init_declarator_list -> init_declarator_list COMMA . init_declarator
    (14) init_declarator -> . ID
    (15) init_declarator -> . ID ASSIGN constant

    ID              shift and go to state 30

    init_declarator                shift and go to state 29

state 20

    (24) parameter -> type_specifier . ID

    ID              shift and go to state 31


state 21

    (20) function_definition -> type_specifier ID LPAREN parameter_list . RPAREN compound_statement
    (23) parameter_list -> parameter_list . COMMA parameter

    RPAREN          shift and go to state 32
    COMMA           shift and go to state 33


state 22

    (21) function_definition -> type_specifier ID LPAREN RPAREN . compound_statement
    (25) compound_statement -> . LBRACE statement_list RBRACE
    (26) compound_statement -> . LBRACE RBRACE

    LBRACE          shift and go to state 35

    compound_statement             shift and go to state 34

state 23

    (22) parameter_list -> parameter .

    RPAREN          reduce using rule 22 (parameter_list -> parameter .)
    COMMA           reduce using rule 22 (parameter_list -> parameter .)


state 24

    (15) init_declarator -> ID ASSIGN constant .

    SEMI            reduce using rule 15 (init_declarator -> ID ASSIGN constant .)
    COMMA           reduce using rule 15 (init_declarator -> ID ASSIGN constant .)


state 25

    (16) constant -> NUMBER .

    SEMI            reduce using rule 16 (constant -> NUMBER .)
    COMMA           reduce using rule 16 (constant -> NUMBER .)
    LPAREN          reduce using rule 16 (constant -> NUMBER .)
    INCREMENT       reduce using rule 16 (constant -> NUMBER .)
    DECREMENT       reduce using rule 16 (constant -> NUMBER .)
    MULT            reduce using rule 16 (constant -> NUMBER .)
    DIV             reduce using rule 16 (constant -> NUMBER .)
    MOD             reduce using rule 16 (constant -> NUMBER .)
    PLUS            reduce using rule 16 (constant -> NUMBER .)
    MINUS           reduce using rule 16 (constant -> NUMBER .)
    LT              reduce using rule 16 (constant -> NUMBER .)
    LE              reduce using rule 16 (constant -> NUMBER .)
    GT              reduce using rule 16 (constant -> NUMBER .)
    GE              reduce using rule 16 (constant -> NUMBER .)
    EQ              reduce using rule 16 (constant -> NUMBER .)
    NEQ             reduce using rule 16 (constant -> NUMBER .)
    AND             reduce using rule 16 (constant -> NUMBER .)
    OR              reduce using rule 16 (constant -> NUMBER .)
    RPAREN          reduce using rule 16 (constant -> NUMBER .)


state 26

    (17) constant -> FLOATNUM .

    SEMI            reduce using rule 17 (constant -> FLOATNUM .)
    COMMA           reduce using rule 17 (constant -> FLOATNUM .)
    LPAREN          reduce using rule 17 (constant -> FLOATNUM .)
    INCREMENT       reduce using rule 17 (constant -> FLOATNUM .)
    DECREMENT       reduce using rule 17 (constant -> FLOATNUM .)
    MULT            reduce using rule 17 (constant -> FLOATNUM .)
    DIV             reduce using rule 17 (constant -> FLOATNUM .)
    MOD             reduce using rule 17 (constant -> FLOATNUM .)
    PLUS            reduce using rule 17 (constant -> FLOATNUM .)
    MINUS           reduce using rule 17 (constant -> FLOATNUM .)
    LT              reduce using rule 17 (constant -> FLOATNUM .)
    LE              reduce using rule 17 (constant -> FLOATNUM .)
    GT              reduce using rule 17 (constant -> FLOATNUM .)
    GE              reduce using rule 17 (constant -> FLOATNUM .)
    EQ              reduce using rule 17 (constant -> FLOATNUM .)
    NEQ             reduce using rule 17 (constant -> FLOATNUM .)
    AND             reduce using rule 17 (constant -> FLOATNUM .)
    OR              reduce using rule 17 (constant -> FLOATNUM .)
    RPAREN          reduce using rule 17 (constant -> FLOATNUM .)


state 27

    (18) constant -> CHAR_CONST .

    SEMI            reduce using rule 18 (constant -> CHAR_CONST .)
    COMMA           reduce using rule 18 (constant -> CHAR_CONST .)
    LPAREN          reduce using rule 18 (constant -> CHAR_CONST .)
    INCREMENT       reduce using rule 18 (constant -> CHAR_CONST .)
    DECREMENT       reduce using rule 18 (constant -> CHAR_CONST .)
    MULT            reduce using rule 18 (constant -> CHAR_CONST .)
    DIV             reduce using rule 18 (constant -> CHAR_CONST .)
    MOD             reduce using rule 18 (constant -> CHAR_CONST .)
    PLUS            reduce using rule 18 (constant -> CHAR_CONST .)
    MINUS           reduce using rule 18 (constant -> CHAR_CONST .)
    LT              reduce using rule 18 (constant -> CHAR_CONST .)
    LE              reduce using rule 18 (constant -> CHAR_CONST .)
    GT              reduce using rule 18 (constant -> CHAR_CONST .)
    GE              reduce using rule 18 (constant -> CHAR_CONST .)
    EQ              reduce using rule 18 (constant -> CHAR_CONST .)
    NEQ             reduce using rule 18 (constant -> CHAR_CONST .)
    AND             reduce using rule 18 (constant -> CHAR_CONST .)
    OR              reduce using rule 18 (constant -> CHAR_CONST .)
    RPAREN          reduce using rule 18 (constant -> CHAR_CONST .)


state 28

    (19) constant -> STRING .

    SEMI            reduce using rule 19 (constant -> STRING .)
    COMMA           reduce using rule 19 (constant -> STRING .)
    LPAREN          reduce using rule 19 (constant -> STRING .)
    INCREMENT       reduce using rule 19 (constant -> STRING .)
    DECREMENT       reduce using rule 19 (constant -> STRING .)
    MULT            reduce using rule 19 (constant -> STRING .)
    DIV             reduce using rule 19 (constant -> STRING .)
    MOD             reduce using rule 19 (constant -> STRING .)
    PLUS            reduce using rule 19 (constant -> STRING .)
    MINUS           reduce using rule 19 (constant -> STRING .)
    LT              reduce using rule 19 (constant -> STRING .)
    LE              reduce using rule 19 (constant -> STRING .)
    GT              reduce using rule 19 (constant -> STRING .)
    GE              reduce using rule 19 (constant -> STRING .)
    EQ              reduce using rule 19 (constant -> STRING .)
    NEQ             reduce using rule 19 (constant -> STRING .)
    AND             reduce using rule 19 (constant -> STRING .)
    OR              reduce using rule 19 (constant -> STRING .)
    RPAREN          reduce using rule 19 (constant -> STRING .)


state 29

    (13) init_declarator_list -> init_declarator_list COMMA init_declarator .

    SEMI            reduce using rule 13 (init_declarator_list -> init_declarator_list COMMA init_declarator .)
    COMMA           reduce using rule 13 (init_declarator_list -> init_declarator_list COMMA init_declarator .)


state 30

    (14) init_declarator -> ID .
    (15) init_declarator -> ID . ASSIGN constant

    SEMI            reduce using rule 14 (init_declarator -> ID .)
    COMMA           reduce using rule 14 (init_declarator -> ID .)
    ASSIGN          shift and go to state 17


state 31

    (24) parameter -> type_specifier ID .

    RPAREN          reduce using rule 24 (parameter -> type_specifier ID .)
    COMMA           reduce using rule 24 (parameter -> type_specifier ID .)


state 32

    (20) function_definition -> type_specifier ID LPAREN parameter_list RPAREN . compound_statement
    (25) compound_statement -> . LBRACE statement_list RBRACE
    (26) compound_statement -> . LBRACE RBRACE

    LBRACE          shift and go to state 35

    compound_statement             shift and go to state 36

state 33

    (23) parameter_list -> parameter_list COMMA . parameter
    (24) parameter -> . type_specifier ID
    (7) type_specifier -> . INT
    (8) type_specifier -> . FLOAT
    (9) type_specifier -> . DOUBLE
    (10) type_specifier -> . CHAR
    (11) type_specifier -> . VOID

    INT             shift and go to state 7
    FLOAT           shift and go to state 8
    DOUBLE          shift and go to state 9
    CHAR            shift and go to state 10
    VOID            shift and go to state 11

    parameter                      shift and go to state 37
    type_specifier                 shift and go to state 20

state 34

    (21) function_definition -> type_specifier ID LPAREN RPAREN compound_statement .

    INT             reduce using rule 21 (function_definition -> type_specifier ID LPAREN RPAREN compound_statement .)
    FLOAT           reduce using rule 21 (function_definition -> type_specifier ID LPAREN RPAREN compound_statement .)
    DOUBLE          reduce using rule 21 (function_definition -> type_specifier ID LPAREN RPAREN compound_statement .)
    CHAR            reduce using rule 21 (function_definition -> type_specifier ID LPAREN RPAREN compound_statement .)
    VOID            reduce using rule 21 (function_definition -> type_specifier ID LPAREN RPAREN compound_statement .)
    $end            reduce using rule 21 (function_definition -> type_specifier ID LPAREN RPAREN compound_statement .)


state 35

    (25) compound_statement -> LBRACE . statement_list RBRACE
    (26) compound_statement -> LBRACE . RBRACE
    (27) statement_list -> . statement_list statement
    (28) statement_list -> . statement
    (29) statement -> . declaration
    (30) statement -> . expression_statement
    (31) statement -> . selection_statement
    (32) statement -> . iteration_statement
    (33) statement -> . jump_statement
    (34) statement -> . compound_statement
    (6) declaration -> . type_specifier init_declarator_list SEMI
    (35) expression_statement -> . expression SEMI
    (36) expression_statement -> . SEMI
    (77) selection_statement -> . IF LPAREN expression RPAREN statement
    (78) selection_statement -> . IF LPAREN expression RPAREN statement ELSE statement
    (79) iteration_statement -> . WHILE LPAREN expression RPAREN statement
    (80) iteration_statement -> . FOR LPAREN expression_statement expression_statement expression RPAREN statement
    (81) jump_statement -> . RETURN expression SEMI
    (82) jump_statement -> . BREAK SEMI
    (83) jump_statement -> . CONTINUE SEMI
    (25) compound_statement -> . LBRACE statement_list RBRACE
    (26) compound_statement -> . LBRACE RBRACE
    (7) type_specifier -> . INT
    (8) type_specifier -> . FLOAT
    (9) type_specifier -> . DOUBLE
    (10) type_specifier -> . CHAR
    (11) type_specifier -> . VOID
    (37) expression -> . assignment_expression
    (38) expression -> . expression COMMA assignment_expression
    (39) assignment_expression -> . ID ASSIGN assignment_expression
    (40) assignment_expression -> . logical_or_expression
    (41) logical_or_expression -> . logical_and_expression
    (42) logical_or_expression -> . logical_or_expression OR logical_and_expression
    (43) logical_and_expression -> . equality_expression
    (44) logical_and_expression -> . logical_and_expression AND equality_expression
    (45) equality_expression -> . relational_expression
    (46) equality_expression -> . equality_expression EQ relational_expression
    (47) equality_expression -> . equality_expression NEQ relational_expression
    (48) relational_expression -> . additive_expression
    (49) relational_expression -> . relational_expression LT additive_expression
    (50) relational_expression -> . relational_expression LE additive_expression
    (51) relational_expression -> . relational_expression GT additive_expression
    (52) relational_expression -> . relational_expression GE additive_expression
    (53) additive_expression -> . multiplicative_expression
    (54) additive_expression -> . additive_expression PLUS multiplicative_expression
    (55) additive_expression -> . additive_expression MINUS multiplicative_expression
    (56) multiplicative_expression -> . unary_expression
    (57) multiplicative_expression -> . multiplicative_expression MULT unary_expression
    (58) multiplicative_expression -> . multiplicative_expression DIV unary_expression
    (59) multiplicative_expression -> . multiplicative_expression MOD unary_expression
    (68) unary_expression -> . postfix_expression
    (69) unary_expression -> . PLUS unary_expression
    (70) unary_expression -> . MINUS unary_expression
    (71) unary_expression -> . NOT unary_expression
    (72) unary_expression -> . INCREMENT unary_expression
    (73) unary_expression -> . DECREMENT unary_expression
    (60) postfix_expression -> . primary_expression
    (61) postfix_expression -> . postfix_expression LPAREN argument_expression_list_opt RPAREN
    (62) postfix_expression -> . postfix_expression INCREMENT
    (63) postfix_expression -> . postfix_expression DECREMENT
    (74) primary_expression -> . ID
    (75) primary_expression -> . constant
    (76) primary_expression -> . LPAREN expression RPAREN
    (16) constant -> . NUMBER
    (17) constant -> . FLOATNUM
    (18) constant -> . CHAR_CONST
    (19) constant -> . STRING

    RBRACE          shift and go to state 39
    SEMI            shift and go to state 48
    IF              shift and go to state 50
    WHILE           shift and go to state 52
    FOR             shift and go to state 53
    RETURN          shift and go to state 54
    BREAK           shift and go to state 55
    CONTINUE        shift and go to state 56
    LBRACE          shift and go to state 35
    INT             shift and go to state 7
    FLOAT           shift and go to state 8
    DOUBLE          shift and go to state 9
    CHAR            shift and go to state 10
    VOID            shift and go to state 11
    ID              shift and go to state 58
    PLUS            shift and go to state 65
    MINUS           shift and go to state 66
    NOT             shift and go to state 69
    INCREMENT       shift and go to state 70
    DECREMENT       shift and go to state 71
    LPAREN          shift and go to state 51
    NUMBER          shift and go to state 25
    FLOATNUM        shift and go to state 26
    CHAR_CONST      shift and go to state 27
    STRING          shift and go to state 28

    statement_list                 shift and go to state 38
    statement                      shift and go to state 40
    declaration                    shift and go to state 41
    expression_statement           shift and go to state 42
    selection_statement            shift and go to state 43
    iteration_statement            shift and go to state 44
    jump_statement                 shift and go to state 45
    compound_statement             shift and go to state 46
    type_specifier                 shift and go to state 47
    expression                     shift and go to state 49
    assignment_expression          shift and go to state 57
    logical_or_expression          shift and go to state 59
    logical_and_expression         shift and go to state 60
    equality_expression            shift and go to state 61
    relational_expression          shift and go to state 62
    additive_expression            shift and go to state 63
    multiplicative_expression      shift and go to state 64
    unary_expression               shift and go to state 67
    postfix_expression             shift and go to state 68
    primary_expression             shift and go to state 72
    constant                       shift and go to state 73

state 36

    (20) function_definition -> type_specifier ID LPAREN parameter_list RPAREN compound_statement .

    INT             reduce using rule 20 (function_definition -> type_specifier ID LPAREN parameter_list RPAREN compound_statement .)
    FLOAT           reduce using rule 20 (function_definition -> type_specifier ID LPAREN parameter_list RPAREN compound_statement .)
    DOUBLE          reduce using rule 20 (function_definition -> type_specifier ID LPAREN parameter_list RPAREN compound_statement .)
    CHAR            reduce using rule 20 (function_definition -> type_specifier ID LPAREN parameter_list RPAREN compound_statement .)
    VOID            reduce using rule 20 (function_definition -> type_specifier ID LPAREN parameter_list RPAREN compound_statement .)
    $end            reduce using rule 20 (function_definition -> type_specifier ID LPAREN parameter_list RPAREN compound_statement .)


state 37

    (23) parameter_list -> parameter_list COMMA parameter .

    RPAREN          reduce using rule 23 (parameter_list -> parameter_list COMMA parameter .)
    COMMA           reduce using rule 23 (parameter_list -> parameter_list COMMA parameter .)


state 38

    (25) compound_statement -> LBRACE statement_list . RBRACE
    (27) statement_list -> statement_list . statement
    (29) statement -> . declaration
    (30) statement -> . expression_statement
    (31) statement -> . selection_statement
    (32) statement -> . iteration_statement
    (33) statement -> . jump_statement
    (34) statement -> . compound_statement
    (6) declaration -> . type_specifier init_declarator_list SEMI
    (35) expression_statement -> . expression SEMI
    (36) expression_statement -> . SEMI
    (77) selection_statement -> . IF LPAREN expression RPAREN statement
    (78) selection_statement -> . IF LPAREN expression RPAREN statement ELSE statement
    (79) iteration_statement -> . WHILE LPAREN expression RPAREN statement
    (80) iteration_statement -> . FOR LPAREN expression_statement expression_statement expression RPAREN statement
    (81) jump_statement -> . RETURN expression SEMI
    (82) jump_statement -> . BREAK SEMI
    (83) jump_statement -> . CONTINUE SEMI
    (25) compound_statement -> . LBRACE statement_list RBRACE
    (26) compound_statement -> . LBRACE RBRACE
    (7) type_specifier -> . INT
    (8) type_specifier -> . FLOAT
    (9) type_specifier -> . DOUBLE
    (10) type_specifier -> . CHAR
    (11) type_specifier -> . VOID
    (37) expression -> . assignment_expression
    (38) expression -> . expression COMMA assignment_expression
    (39) assignment_expression -> . ID ASSIGN assignment_expression
    (40) assignment_expression -> . logical_or_expression
    (41) logical_or_expression -> . logical_and_expression
    (42) logical_or_expression -> . logical_or_expression OR logical_and_expression
    (43) logical_and_expression -> . equality_expression
    (44) logical_and_expression -> . logical_and_expression AND equality_expression
    (45) equality_expression -> . relational_expression
    (46) equality_expression -> . equality_expression EQ relational_expression
    (47) equality_expression -> . equality_expression NEQ relational_expression
    (48) relational_expression -> . additive_expression
    (49) relational_expression -> . relational_expression LT additive_expression
    (50) relational_expression -> . relational_expression LE additive_expression
    (51) relational_expression -> . relational_expression GT additive_expression
    (52) relational_expression -> . relational_expression GE additive_expression
    (53) additive_expression -> . multiplicative_expression
    (54) additive_expression -> . additive_expression PLUS multiplicative_expression
    (55) additive_expression -> . additive_expression MINUS multiplicative_expression
    (56) multiplicative_expression -> . unary_expression
    (57) multiplicative_expression -> . multiplicative_expression MULT unary_expression
    (58) multiplicative_expression -> . multiplicative_expression DIV unary_expression
    (59) multiplicative_expression -> . multiplicative_expression MOD unary_expression
    (68) unary_expression -> . postfix_expression
    (69) unary_expression -> . PLUS unary_expression
    (70) unary_expression -> . MINUS unary_expression
    (71) unary_expression -> . NOT unary_expression
    (72) unary_expression -> . INCREMENT unary_expression
    (73) unary_expression -> . DECREMENT unary_expression
    (60) postfix_expression -> . primary_expression
    (61) postfix_expression -> . postfix_expression LPAREN argument_expression_list_opt RPAREN
    (62) postfix_expression -> . postfix_expression INCREMENT
    (63) postfix_expression -> . postfix_expression DECREMENT
    (74) primary_expression -> . ID
    (75) primary_expression -> . constant
    (76) primary_expression -> . LPAREN expression RPAREN
    (16) constant -> . NUMBER
    (17) constant -> . FLOATNUM
    (18) constant -> . CHAR_CONST
    (19) constant -> . STRING

    RBRACE          shift and go to state 74
    SEMI            shift and go to state 48
    IF              shift and go to state 50
    WHILE           shift and go to state 52
    FOR             shift and go to state 53
    RETURN          shift and go to state 54
    BREAK           shift and go to state 55
    CONTINUE        shift and go to state 56
    LBRACE          shift and go to state 35
    INT             shift and go to state 7
    FLOAT           shift and go to state 8
    DOUBLE          shift and go to state 9
    CHAR            shift and go to state 10
    VOID            shift and go to state 11
    ID              shift and go to state 58
    PLUS            shift and go to state 65
    MINUS           shift and go to state 66
    NOT             shift and go to state 69
    INCREMENT       shift and go to state 70
    DECREMENT       shift and go to state 71
    LPAREN          shift and go to state 51
    NUMBER          shift and go to state 25
    FLOATNUM        shift and go to state 26
    CHAR_CONST      shift and go to state 27
    STRING          shift and go to state 28

    statement                      shift and go to state 75
    declaration                    shift and go to state 41
    expression_statement           shift and go to state 42
    selection_statement            shift and go to state 43
    iteration_statement            shift and go to state 44
    jump_statement                 shift and go to state 45
    compound_statement             shift and go to state 46
    type_specifier                 shift and go to state 47
    expression                     shift and go to state 49
    assignment_expression          shift and go to state 57
    logical_or_expression          shift and go to state 59
    logical_and_expression         shift and go to state 60
    equality_expression            shift and go to state 61
    relational_expression          shift and go to state 62
    additive_expression            shift and go to state 63
    multiplicative_expression      shift and go to state 64
    unary_expression               shift and go to state 67
    postfix_expression             shift and go to state 68
    primary_expression             shift and go to state 72
    constant                       shift and go to state 73

state 39

    (26) compound_statement -> LBRACE RBRACE .

    INT             reduce using rule 26 (compound_statement -> LBRACE RBRACE .)
    FLOAT           reduce using rule 26 (compound_statement -> LBRACE RBRACE .)
    DOUBLE          reduce using rule 26 (compound_statement -> LBRACE RBRACE .)
    CHAR            reduce using rule 26 (compound_statement -> LBRACE RBRACE .)
    VOID            reduce using rule 26 (compound_statement -> LBRACE RBRACE .)
    $end            reduce using rule 26 (compound_statement -> LBRACE RBRACE .)
    RBRACE          reduce using rule 26 (compound_statement -> LBRACE RBRACE .)
    SEMI            reduce using rule 26 (compound_statement -> LBRACE RBRACE .)
    IF              reduce using rule 26 (compound_statement -> LBRACE RBRACE .)
    WHILE           reduce using rule 26 (compound_statement -> LBRACE RBRACE .)
    FOR             reduce using rule 26 (compound_statement -> LBRACE RBRACE .)
    RETURN          reduce using rule 26 (compound_statement -> LBRACE RBRACE .)
    BREAK           reduce using rule 26 (compound_statement -> LBRACE RBRACE .)
    CONTINUE        reduce using rule 26 (compound_statement -> LBRACE RBRACE .)
    LBRACE          reduce using rule 26 (compound_statement -> LBRACE RBRACE .)
    ID              reduce using rule 26 (compound_statement -> LBRACE RBRACE .)
    PLUS            reduce using rule 26 (compound_statement -> LBRACE RBRACE .)
    MINUS           reduce using rule 26 (compound_statement -> LBRACE RBRACE .)
    NOT             reduce using rule 26 (compound_statement -> LBRACE RBRACE .)
    INCREMENT       reduce using rule 26 (compound_statement -> LBRACE RBRACE .)
    DECREMENT       reduce using rule 26 (compound_statement -> LBRACE RBRACE .)
    LPAREN          reduce using rule 26 (compound_statement -> LBRACE RBRACE .)
    NUMBER          reduce using rule 26 (compound_statement -> LBRACE RBRACE .)
    FLOATNUM        reduce using rule 26 (compound_statement -> LBRACE RBRACE .)
    CHAR_CONST      reduce using rule 26 (compound_statement -> LBRACE RBRACE .)
    STRING          reduce using rule 26 (compound_statement -> LBRACE RBRACE .)
    ELSE            reduce using rule 26 (compound_statement -> LBRACE RBRACE .)


state 40

    (28) statement_list -> statement .

    RBRACE          reduce using rule 28 (statement_list -> statement .)
    SEMI            reduce using rule 28 (statement_list -> statement .)
    IF              reduce using rule 28 (statement_list -> statement .)
    WHILE           reduce using rule 28 (statement_list -> statement .)
    FOR             reduce using rule 28 (statement_list -> statement .)
    RETURN          reduce using rule 28 (statement_list -> statement .)
    BREAK           reduce using rule 28 (statement_list -> statement .)
    CONTINUE        reduce using rule 28 (statement_list -> statement .)
    LBRACE          reduce using rule 28 (statement_list -> statement .)
    INT             reduce using rule 28 (statement_list -> statement .)
    FLOAT           reduce using rule 28 (statement_list -> statement .)
    DOUBLE          reduce using rule 28 (statement_list -> statement .)
    CHAR            reduce using rule 28 (statement_list -> statement .)
    VOID            reduce using rule 28 (statement_list -> statement .)
    ID              reduce using rule 28 (statement_list -> statement .)
    PLUS            reduce using rule 28 (statement_list -> statement .)
    MINUS           reduce using rule 28 (statement_list -> statement .)
    NOT             reduce using rule 28 (statement_list -> statement .)
    INCREMENT       reduce using rule 28 (statement_list -> statement .)
    DECREMENT       reduce using rule 28 (statement_list -> statement .)
    LPAREN          reduce using rule 28 (statement_list -> statement .)
    NUMBER          reduce using rule 28 (statement_list -> statement .)
    FLOATNUM        reduce using rule 28 (statement_list -> statement .)
    CHAR_CONST      reduce using rule 28 (statement_list -> statement .)
    STRING          reduce using rule 28 (statement_list -> statement .)


state 41

    (29) statement -> declaration .

    RBRACE          reduce using rule 29 (statement -> declaration .)
    SEMI            reduce using rule 29 (statement -> declaration .)
    IF              reduce using rule 29 (statement -> declaration .)
    WHILE           reduce using rule 29 (statement -> declaration .)
    FOR             reduce using rule 29 (statement -> declaration .)
    RETURN          reduce using rule 29 (statement -> declaration .)
    BREAK           reduce using rule 29 (statement -> declaration .)
    CONTINUE        reduce using rule 29 (statement -> declaration .)
    LBRACE          reduce using rule 29 (statement -> declaration .)
    INT             reduce using rule 29 (statement -> declaration .)
    FLOAT           reduce using rule 29 (statement -> declaration .)
    DOUBLE          reduce using rule 29 (statement -> declaration .)
    CHAR            reduce using rule 29 (statement -> declaration .)
    VOID            reduce using rule 29 (statement -> declaration .)
    ID              reduce using rule 29 (statement -> declaration .)
    PLUS            reduce using rule 29 (statement -> declaration .)
    MINUS           reduce using rule 29 (statement -> declaration .)
    NOT             reduce using rule 29 (statement -> declaration .)
    INCREMENT       reduce using rule 29 (statement -> declaration .)
    DECREMENT       reduce using rule 29 (statement -> declaration .)
    LPAREN          reduce using rule 29 (statement -> declaration .)
    NUMBER          reduce using rule 29 (statement -> declaration .)
    FLOATNUM        reduce using rule 29 (statement -> declaration .)
    CHAR_CONST      reduce using rule 29 (statement -> declaration .)
    STRING          reduce using rule 29 (statement -> declaration .)
    ELSE            reduce using rule 29 (statement -> declaration .)


state 42

    (30) statement -> expression_statement .

    RBRACE          reduce using rule 30 (statement -> expression_statement .)
    SEMI            reduce using rule 30 (statement -> expression_statement .)
    IF              reduce using rule 30 (statement -> expression_statement .)
    WHILE           reduce using rule 30 (statement -> expression_statement .)
    FOR             reduce using rule 30 (statement -> expression_statement .)
    RETURN          reduce using rule 30 (statement -> expression_statement .)
    BREAK           reduce using rule 30 (statement -> expression_statement .)
    CONTINUE        reduce using rule 30 (statement -> expression_statement .)
    LBRACE          reduce using rule 30 (statement -> expression_statement .)
    INT             reduce using rule 30 (statement -> expression_statement .)
    FLOAT           reduce using rule 30 (statement -> expression_statement .)
    DOUBLE          reduce using rule 30 (statement -> expression_statement .)
    CHAR            reduce using rule 30 (statement -> expression_statement .)
    VOID            reduce using rule 30 (statement -> expression_statement .)
    ID              reduce using rule 30 (statement -> expression_statement .)
    PLUS            reduce using rule 30 (statement -> expression_statement .)
    MINUS           reduce using rule 30 (statement -> expression_statement .)
    NOT             reduce using rule 30 (statement -> expression_statement .)
    INCREMENT       reduce using rule 30 (statement -> expression_statement .)
    DECREMENT       reduce using rule 30 (statement -> expression_statement .)
    LPAREN          reduce using rule 30 (statement -> expression_statement .)
    NUMBER          reduce using rule 30 (statement -> expression_statement .)
    FLOATNUM        reduce using rule 30 (statement -> expression_statement .)
    CHAR_CONST      reduce using rule 30 (statement -> expression_statement .)
    STRING          reduce using rule 30 (statement -> expression_statement .)
    ELSE            reduce using rule 30 (statement -> expression_statement .)


state 43

    (31) statement -> selection_statement .

    RBRACE          reduce using rule 31 (statement -> selection_statement .)
    SEMI            reduce using rule 31 (statement -> selection_statement .)
    IF              reduce using rule 31 (statement -> selection_statement .)
    WHILE           reduce using rule 31 (statement -> selection_statement .)
    FOR             reduce using rule 31 (statement -> selection_statement .)
    RETURN          reduce using rule 31 (statement -> selection_statement .)
    BREAK           reduce using rule 31 (statement -> selection_statement .)
    CONTINUE        reduce using rule 31 (statement -> selection_statement .)
    LBRACE          reduce using rule 31 (statement -> selection_statement .)
    INT             reduce using rule 31 (statement -> selection_statement .)
    FLOAT           reduce using rule 31 (statement -> selection_statement .)
    DOUBLE          reduce using rule 31 (statement -> selection_statement .)
    CHAR            reduce using rule 31 (statement -> selection_statement .)
    VOID            reduce using rule 31 (statement -> selection_statement .)
    ID              reduce using rule 31 (statement -> selection_statement .)
    PLUS            reduce using rule 31 (statement -> selection_statement .)
    MINUS           reduce using rule 31 (statement -> selection_statement .)
    NOT             reduce using rule 31 (statement -> selection_statement .)
    INCREMENT       reduce using rule 31 (statement -> selection_statement .)
    DECREMENT       reduce using rule 31 (statement -> selection_statement .)
    LPAREN          reduce using rule 31 (statement -> selection_statement .)
    NUMBER          reduce using rule 31 (statement -> selection_statement .)
    FLOATNUM        reduce using rule 31 (statement -> selection_statement .)
    CHAR_CONST      reduce using rule 31 (statement -> selection_statement .)
    STRING          reduce using rule 31 (statement -> selection_statement .)
    ELSE            reduce using rule 31 (statement -> selection_statement .)


state 44

    (32) statement -> iteration_statement .

    RBRACE          reduce using rule 32 (statement -> iteration_statement .)
    SEMI            reduce using rule 32 (statement -> iteration_statement .)
    IF              reduce using rule 32 (statement -> iteration_statement .)
    WHILE           reduce using rule 32 (statement -> iteration_statement .)
    FOR             reduce using rule 32 (statement -> iteration_statement .)
    RETURN          reduce using rule 32 (statement -> iteration_statement .)
    BREAK           reduce using rule 32 (statement -> iteration_statement .)
    CONTINUE        reduce using rule 32 (statement -> iteration_statement .)
    LBRACE          reduce using rule 32 (statement -> iteration_statement .)
    INT             reduce using rule 32 (statement -> iteration_statement .)
    FLOAT           reduce using rule 32 (statement -> iteration_statement .)
    DOUBLE          reduce using rule 32 (statement -> iteration_statement .)
    CHAR            reduce using rule 32 (statement -> iteration_statement .)
    VOID            reduce using rule 32 (statement -> iteration_statement .)
    ID              reduce using rule 32 (statement -> iteration_statement .)
    PLUS            reduce using rule 32 (statement -> iteration_statement .)
    MINUS           reduce using rule 32 (statement -> iteration_statement .)
    NOT             reduce using rule 32 (statement -> iteration_statement .)
    INCREMENT       reduce using rule 32 (statement -> iteration_statement .)
    DECREMENT       reduce using rule 32 (statement -> iteration_statement .)
    LPAREN          reduce using rule 32 (statement -> iteration_statement .)
    NUMBER          reduce using rule 32 (statement -> iteration_statement .)
    FLOATNUM        reduce using rule 32 (statement -> iteration_statement .)
    CHAR_CONST      reduce using rule 32 (statement -> iteration_statement .)
    STRING          reduce using rule 32 (statement -> iteration_statement .)
    ELSE            reduce using rule 32 (statement -> iteration_statement .)


state 45

    (33) statement -> jump_statement .

    RBRACE          reduce using rule 33 (statement -> jump_statement .)
    SEMI            reduce using rule 33 (statement -> jump_statement .)
    IF              reduce using rule 33 (statement -> jump_statement .)
    WHILE           reduce using rule 33 (statement -> jump_statement .)
    FOR             reduce using rule 33 (statement -> jump_statement .)
    RETURN          reduce using rule 33 (statement -> jump_statement .)
    BREAK           reduce using rule 33 (statement -> jump_statement .)
    CONTINUE        reduce using rule 33 (statement -> jump_statement .)
    LBRACE          reduce using rule 33 (statement -> jump_statement .)
    INT             reduce using rule 33 (statement -> jump_statement .)
    FLOAT           reduce using rule 33 (statement -> jump_statement .)
    DOUBLE          reduce using rule 33 (statement -> jump_statement .)
    CHAR            reduce using rule 33 (statement -> jump_statement .)
    VOID            reduce using rule 33 (statement -> jump_statement .)
    ID              reduce using rule 33 (statement -> jump_statement .)
    PLUS            reduce using rule 33 (statement -> jump_statement .)
    MINUS           reduce using rule 33 (statement -> jump_statement .)
    NOT             reduce using rule 33 (statement -> jump_statement .)
    INCREMENT       reduce using rule 33 (statement -> jump_statement .)
    DECREMENT       reduce using rule 33 (statement -> jump_statement .)
    LPAREN          reduce using rule 33 (statement -> jump_statement .)
    NUMBER          reduce using rule 33 (statement -> jump_statement .)
    FLOATNUM        reduce using rule 33 (statement -> jump_statement .)
    CHAR_CONST      reduce using rule 33 (statement -> jump_statement .)
    STRING          reduce using rule 33 (statement -> jump_statement .)
    ELSE            reduce using rule 33 (statement -> jump_statement .)


state 46

    (34) statement -> compound_statement .

    RBRACE          reduce using rule 34 (statement -> compound_statement .)
    SEMI            reduce using rule 34 (statement -> compound_statement .)
    IF              reduce using rule 34 (statement -> compound_statement .)
    WHILE           reduce using rule 34 (statement -> compound_statement .)
    FOR             reduce using rule 34 (statement -> compound_statement .)
    RETURN          reduce using rule 34 (statement -> compound_statement .)
    BREAK           reduce using rule 34 (statement -> compound_statement .)
    CONTINUE        reduce using rule 34 (statement -> compound_statement .)
    LBRACE          reduce using rule 34 (statement -> compound_statement .)
    INT             reduce using rule 34 (statement -> compound_statement .)
    FLOAT           reduce using rule 34 (statement -> compound_statement .)
    DOUBLE          reduce using rule 34 (statement -> compound_statement .)
    CHAR            reduce using rule 34 (statement -> compound_statement .)
    VOID            reduce using rule 34 (statement -> compound_statement .)
    ID              reduce using rule 34 (statement -> compound_statement .)
    PLUS            reduce using rule 34 (statement -> compound_statement .)
    MINUS           reduce using rule 34 (statement -> compound_statement .)
    NOT             reduce using rule 34 (statement -> compound_statement .)
    INCREMENT       reduce using rule 34 (statement -> compound_statement .)
    DECREMENT       reduce using rule 34 (statement -> compound_statement .)
    LPAREN          reduce using rule 34 (statement -> compound_statement .)
    NUMBER          reduce using rule 34 (statement -> compound_statement .)
    FLOATNUM        reduce using rule 34 (statement -> compound_statement .)
    CHAR_CONST      reduce using rule 34 (statement -> compound_statement .)
    STRING          reduce using rule 34 (statement -> compound_statement .)
    ELSE            reduce using rule 34 (statement -> compound_statement .)


state 47

    (6) declaration -> type_specifier . init_declarator_list SEMI
    (12) init_declarator_list -> . init_declarator
    (13) init_declarator_list -> . init_declarator_list COMMA init_declarator
    (14) init_declarator -> . ID
    (15) init_declarator -> . ID ASSIGN constant

    ID              shift and go to state 30

    init_declarator_list           shift and go to state 14
    init_declarator                shift and go to state 15

state 48

    (36) expression_statement -> SEMI .

    RBRACE          reduce using rule 36 (expression_statement -> SEMI .)
    SEMI            reduce using rule 36 (expression_statement -> SEMI .)
    IF              reduce using rule 36 (expression_statement -> SEMI .)
    WHILE           reduce using rule 36 (expression_statement -> SEMI .)
    FOR             reduce using rule 36 (expression_statement -> SEMI .)
    RETURN          reduce using rule 36 (expression_statement -> SEMI .)
    BREAK           reduce using rule 36 (expression_statement -> SEMI .)
    CONTINUE        reduce using rule 36 (expression_statement -> SEMI .)
    LBRACE          reduce using rule 36 (expression_statement -> SEMI .)
    INT             reduce using rule 36 (expression_statement -> SEMI .)
    FLOAT           reduce using rule 36 (expression_statement -> SEMI .)
    DOUBLE          reduce using rule 36 (expression_statement -> SEMI .)
    CHAR            reduce using rule 36 (expression_statement -> SEMI .)
    VOID            reduce using rule 36 (expression_statement -> SEMI .)
    ID              reduce using rule 36 (expression_statement -> SEMI .)
    PLUS            reduce using rule 36 (expression_statement -> SEMI .)
    MINUS           reduce using rule 36 (expression_statement -> SEMI .)
    NOT             reduce using rule 36 (expression_statement -> SEMI .)
    INCREMENT       reduce using rule 36 (expression_statement -> SEMI .)
    DECREMENT       reduce using rule 36 (expression_statement -> SEMI .)
    LPAREN          reduce using rule 36 (expression_statement -> SEMI .)
    NUMBER          reduce using rule 36 (expression_statement -> SEMI .)
    FLOATNUM        reduce using rule 36 (expression_statement -> SEMI .)
    CHAR_CONST      reduce using rule 36 (expression_statement -> SEMI .)
    STRING          reduce using rule 36 (expression_statement -> SEMI .)
    ELSE            reduce using rule 36 (expression_statement -> SEMI .)


state 49

    (35) expression_statement -> expression . SEMI
    (38) expression -> expression . COMMA assignment_expression

    SEMI            shift and go to state 76
    COMMA           shift and go to state 77


state 50

    (77) selection_statement -> IF . LPAREN expression RPAREN statement
    (78) selection_statement -> IF . LPAREN expression RPAREN statement ELSE statement

    LPAREN          shift and go to state 78


state 51

    (76) primary_expression -> LPAREN . expression RPAREN
    (37) expression -> . assignment_expression
    (38) expression -> . expression COMMA assignment_expression
    (39) assignment_expression -> . ID ASSIGN assignment_expression
    (40) assignment_expression -> . logical_or_expression
    (41) logical_or_expression -> . logical_and_expression
    (42) logical_or_expression -> . logical_or_expression OR logical_and_expression
    (43) logical_and_expression -> . equality_expression
    (44) logical_and_expression -> . logical_and_expression AND equality_expression
    (45) equality_expression -> . relational_expression
    (46) equality_expression -> . equality_expression EQ relational_expression
    (47) equality_expression -> . equality_expression NEQ relational_expression
    (48) relational_expression -> . additive_expression
    (49) relational_expression -> . relational_expression LT additive_expression
    (50) relational_expression -> . relational_expression LE additive_expression
    (51) relational_expression -> . relational_expression GT additive_expression
    (52) relational_expression -> . relational_expression GE additive_expression
    (53) additive_expression -> . multiplicative_expression
    (54) additive_expression -> . additive_expression PLUS multiplicative_expression
    (55) additive_expression -> . additive_expression MINUS multiplicative_expression
    (56) multiplicative_expression -> . unary_expression
    (57) multiplicative_expression -> . multiplicative_expression MULT unary_expression
    (58) multiplicative_expression -> . multiplicative_expression DIV unary_expression
    (59) multiplicative_expression -> . multiplicative_expression MOD unary_expression
    (68) unary_expression -> . postfix_expression
    (69) unary_expression -> . PLUS unary_expression
    (70) unary_expression -> . MINUS unary_expression
    (71) unary_expression -> . NOT unary_expression
    (72) unary_expression -> . INCREMENT unary_expression
    (73) unary_expression -> . DECREMENT unary_expression
    (60) postfix_expression -> . primary_expression
    (61) postfix_expression -> . postfix_expression LPAREN argument_expression_list_opt RPAREN
    (62) postfix_expression -> . postfix_expression INCREMENT
    (63) postfix_expression -> . postfix_expression DECREMENT
    (74) primary_expression -> . ID
    (75) primary_expression -> . constant
    (76) primary_expression -> . LPAREN expression RPAREN
    (16) constant -> . NUMBER
    (17) constant -> . FLOATNUM
    (18) constant -> . CHAR_CONST
    (19) constant -> . STRING

    ID              shift and go to state 58
    PLUS            shift and go to state 65
    MINUS           shift and go to state 66
    NOT             shift and go to state 69
    INCREMENT       shift and go to state 70
    DECREMENT       shift and go to state 71
    LPAREN          shift and go to state 51
    NUMBER          shift and go to state 25
    FLOATNUM        shift and go to state 26
    CHAR_CONST      shift and go to state 27
    STRING          shift and go to state 28

    expression                     shift and go to state 79
    assignment_expression          shift and go to state 57
    logical_or_expression          shift and go to state 59
    logical_and_expression         shift and go to state 60
    equality_expression            shift and go to state 61
    relational_expression          shift and go to state 62
    additive_expression            shift and go to state 63
    multiplicative_expression      shift and go to state 64
    unary_expression               shift and go to state 67
    postfix_expression             shift and go to state 68
    primary_expression             shift and go to state 72
    constant                       shift and go to state 73

state 52

    (79) iteration_statement -> WHILE . LPAREN expression RPAREN statement

    LPAREN          shift and go to state 80


state 53

    (80) iteration_statement -> FOR . LPAREN expression_statement expression_statement expression RPAREN statement

    LPAREN          shift and go to state 81


state 54

    (81) jump_statement -> RETURN . expression SEMI
    (37) expression -> . assignment_expression
    (38) expression -> . expression COMMA assignment_expression
    (39) assignment_expression -> . ID ASSIGN assignment_expression
    (40) assignment_expression -> . logical_or_expression
    (41) logical_or_expression -> . logical_and_expression
    (42) logical_or_expression -> . logical_or_expression OR logical_and_expression
    (43) logical_and_expression -> . equality_expression
    (44) logical_and_expression -> . logical_and_expression AND equality_expression
    (45) equality_expression -> . relational_expression
    (46) equality_expression -> . equality_expression EQ relational_expression
    (47) equality_expression -> . equality_expression NEQ relational_expression
    (48) relational_expression -> . additive_expression
    (49) relational_expression -> . relational_expression LT additive_expression
    (50) relational_expression -> . relational_expression LE additive_expression
    (51) relational_expression -> . relational_expression GT additive_expression
    (52) relational_expression -> . relational_expression GE additive_expression
    (53) additive_expression -> . multiplicative_expression
    (54) additive_expression -> . additive_expression PLUS multiplicative_expression
    (55) additive_expression -> . additive_expression MINUS multiplicative_expression
    (56) multiplicative_expression -> . unary_expression
    (57) multiplicative_expression -> . multiplicative_expression MULT unary_expression
    (58) multiplicative_expression -> . multiplicative_expression DIV unary_expression
    (59) multiplicative_expression -> . multiplicative_expression MOD unary_expression
    (68) unary_expression -> . postfix_expression
    (69) unary_expression -> . PLUS unary_expression
    (70) unary_expression -> . MINUS unary_expression
    (71) unary_expression -> . NOT unary_expression
    (72) unary_expression -> . INCREMENT unary_expression
    (73) unary_expression -> . DECREMENT unary_expression
    (60) postfix_expression -> . primary_expression
    (61) postfix_expression -> . postfix_expression LPAREN argument_expression_list_opt RPAREN
    (62) postfix_expression -> . postfix_expression INCREMENT
    (63) postfix_expression -> . postfix_expression DECREMENT
    (74) primary_expression -> . ID
    (75) primary_expression -> . constant
    (76) primary_expression -> . LPAREN expression RPAREN
    (16) constant -> . NUMBER
    (17) constant -> . FLOATNUM
    (18) constant -> . CHAR_CONST
    (19) constant -> . STRING

    ID              shift and go to state 58
    PLUS            shift and go to state 65
    MINUS           shift and go to state 66
    NOT             shift and go to state 69
    INCREMENT       shift and go to state 70
    DECREMENT       shift and go to state 71
    LPAREN          shift and go to state 51
    NUMBER          shift and go to state 25
    FLOATNUM        shift and go to state 26
    CHAR_CONST      shift and go to state 27
    STRING          shift and go to state 28

    expression                     shift and go to state 82
    assignment_expression          shift and go to state 57
    logical_or_expression          shift and go to state 59
    logical_and_expression         shift and go to state 60
    equality_expression            shift and go to state 61
    relational_expression          shift and go to state 62
    additive_expression            shift and go to state 63
    multiplicative_expression      shift and go to state 64
    unary_expression               shift and go to state 67
    postfix_expression             shift and go to state 68
    primary_expression             shift and go to state 72
    constant                       shift and go to state 73

state 55

    (82) jump_statement -> BREAK . SEMI

    SEMI            shift and go to state 83


state 56

    (83) jump_statement -> CONTINUE . SEMI

    SEMI            shift and go to state 84


state 57

    (37) expression -> assignment_expression .

    SEMI            reduce using rule 37 (expression -> assignment_expression .)
    COMMA           reduce using rule 37 (expression -> assignment_expression .)
    RPAREN          reduce using rule 37 (expression -> assignment_expression .)


state 58

    (39) assignment_expression -> ID . ASSIGN assignment_expression
    (74) primary_expression -> ID .

    ASSIGN          shift and go to state 85
    LPAREN          reduce using rule 74 (primary_expression -> ID .)
    INCREMENT       reduce using rule 74 (primary_expression -> ID .)
    DECREMENT       reduce using rule 74 (primary_expression -> ID .)
    MULT            reduce using rule 74 (primary_expression -> ID .)
    DIV             reduce using rule 74 (primary_expression -> ID .)
    MOD             reduce using rule 74 (primary_expression -> ID .)
    PLUS            reduce using rule 74 (primary_expression -> ID .)
    MINUS           reduce using rule 74 (primary_expression -> ID .)
    LT              reduce using rule 74 (primary_expression -> ID .)
    LE              reduce using rule 74 (primary_expression -> ID .)
    GT              reduce using rule 74 (primary_expression -> ID .)
    GE              reduce using rule 74 (primary_expression -> ID .)
    EQ              reduce using rule 74 (primary_expression -> ID .)
    NEQ             reduce using rule 74 (primary_expression -> ID .)
    AND             reduce using rule 74 (primary_expression -> ID .)
    OR              reduce using rule 74 (primary_expression -> ID .)
    SEMI            reduce using rule 74 (primary_expression -> ID .)
    COMMA           reduce using rule 74 (primary_expression -> ID .)
    RPAREN          reduce using rule 74 (primary_expression -> ID .)


state 59

    (40) assignment_expression -> logical_or_expression .
    (42) logical_or_expression -> logical_or_expression . OR logical_and_expression

    SEMI            reduce using rule 40 (assignment_expression -> logical_or_expression .)
    COMMA           reduce using rule 40 (assignment_expression -> logical_or_expression .)
    RPAREN          reduce using rule 40 (assignment_expression -> logical_or_expression .)
    OR              shift and go to state 86


state 60

    (41) logical_or_expression -> logical_and_expression .
    (44) logical_and_expression -> logical_and_expression . AND equality_expression

    OR              reduce using rule 41 (logical_or_expression -> logical_and_expression .)
    SEMI            reduce using rule 41 (logical_or_expression -> logical_and_expression .)
    COMMA           reduce using rule 41 (logical_or_expression -> logical_and_expression .)
    RPAREN          reduce using rule 41 (logical_or_expression -> logical_and_expression .)
    AND             shift and go to state 87


state 61

    (43) logical_and_expression -> equality_expression .
    (46) equality_expression -> equality_expression . EQ relational_expression
    (47) equality_expression -> equality_expression . NEQ relational_expression

    AND             reduce using rule 43 (logical_and_expression -> equality_expression .)
    OR              reduce using rule 43 (logical_and_expression -> equality_expression .)
    SEMI            reduce using rule 43 (logical_and_expression -> equality_expression .)
    COMMA           reduce using rule 43 (logical_and_expression -> equality_expression .)
    RPAREN          reduce using rule 43 (logical_and_expression -> equality_expression .)
    EQ              shift and go to state 88
    NEQ             shift and go to state 89


state 62

    (45) equality_expression -> relational_expression .
    (49) relational_expression -> relational_expression . LT additive_expression
    (50) relational_expression -> relational_expression . LE additive_expression
    (51) relational_expression -> relational_expression . GT additive_expression
    (52) relational_expression -> relational_expression . GE additive_expression

    EQ              reduce using rule 45 (equality_expression -> relational_expression .)
    NEQ             reduce using rule 45 (equality_expression -> relational_expression .)
    AND             reduce using rule 45 (equality_expression -> relational_expression .)
    OR              reduce using rule 45 (equality_expression -> relational_expression .)
    SEMI            reduce using rule 45 (equality_expression -> relational_expression .)
    COMMA           reduce using rule 45 (equality_expression -> relational_expression .)
    RPAREN          reduce using rule 45 (equality_expression -> relational_expression .)
    LT              shift and go to state 90
    LE              shift and go to state 91
    GT              shift and go to state 92
    GE              shift and go to state 93


state 63

    (48) relational_expression -> additive_expression .
    (54) additive_expression -> additive_expression . PLUS multiplicative_expression
    (55) additive_expression -> additive_expression . MINUS multiplicative_expression

    LT              reduce using rule 48 (relational_expression -> additive_expression .)
    LE              reduce using rule 48 (relational_expression -> additive_expression .)
    GT              reduce using rule 48 (relational_expression -> additive_expression .)
    GE              reduce using rule 48 (relational_expression -> additive_expression .)
    EQ              reduce using rule 48 (relational_expression -> additive_expression .)
    NEQ             reduce using rule 48 (relational_expression -> additive_expression .)
    AND             reduce using rule 48 (relational_expression -> additive_expression .)
    OR              reduce using rule 48 (relational_expression -> additive_expression .)
    SEMI            reduce using rule 48 (relational_expression -> additive_expression .)
    COMMA           reduce using rule 48 (relational_expression -> additive_expression .)
    RPAREN          reduce using rule 48 (relational_expression -> additive_expression .)
    PLUS            shift and go to state 94
    MINUS           shift and go to state 95


state 64

    (53) additive_expression -> multiplicative_expression .
    (57) multiplicative_expression -> multiplicative_expression . MULT unary_expression
    (58) multiplicative_expression -> multiplicative_expression . DIV unary_expression
    (59) multiplicative_expression -> multiplicative_expression . MOD unary_expression

    PLUS            reduce using rule 53 (additive_expression -> multiplicative_expression .)
    MINUS           reduce using rule 53 (additive_expression -> multiplicative_expression .)
    LT              reduce using rule 53 (additive_expression -> multiplicative_expression .)
    LE              reduce using rule 53 (additive_expression -> multiplicative_expression .)
    GT              reduce using rule 53 (additive_expression -> multiplicative_expression .)
    GE              reduce using rule 53 (additive_expression -> multiplicative_expression .)
    EQ              reduce using rule 53 (additive_expression -> multiplicative_expression .)
    NEQ             reduce using rule 53 (additive_expression -> multiplicative_expression .)
    AND             reduce using rule 53 (additive_expression -> multiplicative_expression .)
    OR              reduce using rule 53 (additive_expression -> multiplicative_expression .)
    SEMI            reduce using rule 53 (additive_expression -> multiplicative_expression .)
    COMMA           reduce using rule 53 (additive_expression -> multiplicative_expression .)
    RPAREN          reduce using rule 53 (additive_expression -> multiplicative_expression .)
    MULT            shift and go to state 96
    DIV             shift and go to state 97
    MOD             shift and go to state 98


state 65

    (69) unary_expression -> PLUS . unary_expression
    (68) unary_expression -> . postfix_expression
    (69) unary_expression -> . PLUS unary_expression
    (70) unary_expression -> . MINUS unary_expression
    (71) unary_expression -> . NOT unary_expression
    (72) unary_expression -> . INCREMENT unary_expression
    (73) unary_expression -> . DECREMENT unary_expression
    (60) postfix_expression -> . primary_expression
    (61) postfix_expression -> . postfix_expression LPAREN argument_expression_list_opt RPAREN
    (62) postfix_expression -> . postfix_expression INCREMENT
    (63) postfix_expression -> . postfix_expression DECREMENT
    (74) primary_expression -> . ID
    (75) primary_expression -> . constant
    (76) primary_expression -> . LPAREN expression RPAREN
    (16) constant -> . NUMBER
    (17) constant -> . FLOATNUM
    (18) constant -> . CHAR_CONST
    (19) constant -> . STRING

    PLUS            shift and go to state 65
    MINUS           shift and go to state 66
    NOT             shift and go to state 69
    INCREMENT       shift and go to state 70
    DECREMENT       shift and go to state 71
    ID              shift and go to state 100
    LPAREN          shift and go to state 51
    NUMBER          shift and go to state 25
    FLOATNUM        shift and go to state 26
    CHAR_CONST      shift and go to state 27
    STRING          shift and go to state 28

    unary_expression               shift and go to state 99
    postfix_expression             shift and go to state 68
    primary_expression             shift and go to state 72
    constant                       shift and go to state 73

state 66

    (70) unary_expression -> MINUS . unary_expression
    (68) unary_expression -> . postfix_expression
    (69) unary_expression -> . PLUS unary_expression
    (70) unary_expression -> . MINUS unary_expression
    (71) unary_expression -> . NOT unary_expression
    (72) unary_expression -> . INCREMENT unary_expression
    (73) unary_expression -> . DECREMENT unary_expression
    (60) postfix_expression -> . primary_expression
    (61) postfix_expression -> . postfix_expression LPAREN argument_expression_list_opt RPAREN
    (62) postfix_expression -> . postfix_expression INCREMENT
    (63) postfix_expression -> . postfix_expression DECREMENT
    (74) primary_expression -> . ID
    (75) primary_expression -> . constant
    (76) primary_expression -> . LPAREN expression RPAREN
    (16) constant -> . NUMBER
    (17) constant -> . FLOATNUM
    (18) constant -> . CHAR_CONST
    (19) constant -> . STRING

    PLUS            shift and go to state 65
    MINUS           shift and go to state 66
    NOT             shift and go to state 69
    INCREMENT       shift and go to state 70
    DECREMENT       shift and go to state 71
    ID              shift and go to state 100
    LPAREN          shift and go to state 51
    NUMBER          shift and go to state 25
    FLOATNUM        shift and go to state 26
    CHAR_CONST      shift and go to state 27
    STRING          shift and go to state 28

    unary_expression               shift and go to state 101
    postfix_expression             shift and go to state 68
    primary_expression             shift and go to state 72
    constant                       shift and go to state 73

state 67

    (56) multiplicative_expression -> unary_expression .

    MULT            reduce using rule 56 (multiplicative_expression -> unary_expression .)
    DIV             reduce using rule 56 (multiplicative_expression -> unary_expression .)
    MOD             reduce using rule 56 (multiplicative_expression -> unary_expression .)
    PLUS            reduce using rule 56 (multiplicative_expression -> unary_expression .)
    MINUS           reduce using rule 56 (multiplicative_expression -> unary_expression .)
    LT              reduce using rule 56 (multiplicative_expression -> unary_expression .)
    LE              reduce using rule 56 (multiplicative_expression -> unary_expression .)
    GT              reduce using rule 56 (multiplicative_expression -> unary_expression .)
    GE              reduce using rule 56 (multiplicative_expression -> unary_expression .)
    EQ              reduce using rule 56 (multiplicative_expression -> unary_expression .)
    NEQ             reduce using rule 56 (multiplicative_expression -> unary_expression .)
    AND             reduce using rule 56 (multiplicative_expression -> unary_expression .)
    OR              reduce using rule 56 (multiplicative_expression -> unary_expression .)
    SEMI            reduce using rule 56 (multiplicative_expression -> unary_expression .)
    COMMA           reduce using rule 56 (multiplicative_expression -> unary_expression .)
    RPAREN          reduce using rule 56 (multiplicative_expression -> unary_expression .)


state 68

    (68) unary_expression -> postfix_expression .
    (61) postfix_expression -> postfix_expression . LPAREN argument_expression_list_opt RPAREN
    (62) postfix_expression -> postfix_expression . INCREMENT
    (63) postfix_expression -> postfix_expression . DECREMENT

    MULT            reduce using rule 68 (unary_expression -> postfix_expression .)
    DIV             reduce using rule 68 (unary_expression -> postfix_expression .)
    MOD             reduce using rule 68 (unary_expression -> postfix_expression .)
    PLUS            reduce using rule 68 (unary_expression -> postfix_expression .)
    MINUS           reduce using rule 68 (unary_expression -> postfix_expression .)
    LT              reduce using rule 68 (unary_expression -> postfix_expression .)
    LE              reduce using rule 68 (unary_expression -> postfix_expression .)
    GT              reduce using rule 68 (unary_expression -> postfix_expression .)
    GE              reduce using rule 68 (unary_expression -> postfix_expression .)
    EQ              reduce using rule 68 (unary_expression -> postfix_expression .)
    NEQ             reduce using rule 68 (unary_expression -> postfix_expression .)
    AND             reduce using rule 68 (unary_expression -> postfix_expression .)
    OR              reduce using rule 68 (unary_expression -> postfix_expression .)
    SEMI            reduce using rule 68 (unary_expression -> postfix_expression .)
    COMMA           reduce using rule 68 (unary_expression -> postfix_expression .)
    RPAREN          reduce using rule 68 (unary_expression -> postfix_expression .)
    LPAREN          shift and go to state 102
    INCREMENT       shift and go to state 103
    DECREMENT       shift and go to state 104


state 69

    (71) unary_expression -> NOT . unary_expression
    (68) unary_expression -> . postfix_expression
    (69) unary_expression -> . PLUS unary_expression
    (70) unary_expression -> . MINUS unary_expression
    (71) unary_expression -> . NOT unary_expression
    (72) unary_expression -> . INCREMENT unary_expression
    (73) unary_expression -> . DECREMENT unary_expression
    (60) postfix_expression -> . primary_expression
    (61) postfix_expression -> . postfix_expression LPAREN argument_expression_list_opt RPAREN
    (62) postfix_expression -> . postfix_expression INCREMENT
    (63) postfix_expression -> . postfix_expression DECREMENT
    (74) primary_expression -> . ID
    (75) primary_expression -> . constant
    (76) primary_expression -> . LPAREN expression RPAREN
    (16) constant -> . NUMBER
    (17) constant -> . FLOATNUM
    (18) constant -> . CHAR_CONST
    (19) constant -> . STRING

    PLUS            shift and go to state 65
    MINUS           shift and go to state 66
    NOT             shift and go to state 69
    INCREMENT       shift and go to state 70
    DECREMENT       shift and go to state 71
    ID              shift and go to state 100
    LPAREN          shift and go to state 51
    NUMBER          shift and go to state 25
    FLOATNUM        shift and go to state 26
    CHAR_CONST      shift and go to state 27
    STRING          shift and go to state 28

    unary_expression               shift and go to state 105
    postfix_expression             shift and go to state 68
    primary_expression             shift and go to state 72
    constant                       shift and go to state 73

state 70

    (72) unary_expression -> INCREMENT . unary_expression
    (68) unary_expression -> . postfix_expression
    (69) unary_expression -> . PLUS unary_expression
    (70) unary_expression -> . MINUS unary_expression
    (71) unary_expression -> . NOT unary_expression
    (72) unary_expression -> . INCREMENT unary_expression
    (73) unary_expression -> . DECREMENT unary_expression
    (60) postfix_expression -> . primary_expression
    (61) postfix_expression -> . postfix_expression LPAREN argument_expression_list_opt RPAREN
    (62) postfix_expression -> . postfix_expression INCREMENT
    (63) postfix_expression -> . postfix_expression DECREMENT
    (74) primary_expression -> . ID
    (75) primary_expression -> . constant
    (76) primary_expression -> . LPAREN expression RPAREN
    (16) constant -> . NUMBER
    (17) constant -> . FLOATNUM
    (18) constant -> . CHAR_CONST
    (19) constant -> . STRING

    PLUS            shift and go to state 65
    MINUS           shift and go to state 66
    NOT             shift and go to state 69
    INCREMENT       shift and go to state 70
    DECREMENT       shift and go to state 71
    ID              shift and go to state 100
    LPAREN          shift and go to state 51
    NUMBER          shift and go to state 25
    FLOATNUM        shift and go to state 26
    CHAR_CONST      shift and go to state 27
    STRING          shift and go to state 28

    unary_expression               shift and go to state 106
    postfix_expression             shift and go to state 68
    primary_expression             shift and go to state 72
    constant                       shift and go to state 73

state 71

    (73) unary_expression -> DECREMENT . unary_expression
    (68) unary_expression -> . postfix_expression
    (69) unary_expression -> . PLUS unary_expression
    (70) unary_expression -> . MINUS unary_expression
    (71) unary_expression -> . NOT unary_expression
    (72) unary_expression -> . INCREMENT unary_expression
    (73) unary_expression -> . DECREMENT unary_expression
    (60) postfix_expression -> . primary_expression
    (61) postfix_expression -> . postfix_expression LPAREN argument_expression_list_opt RPAREN
    (62) postfix_expression -> . postfix_expression INCREMENT
    (63) postfix_expression -> . postfix_expression DECREMENT
    (74) primary_expression -> . ID
    (75) primary_expression -> . constant
    (76) primary_expression -> . LPAREN expression RPAREN
    (16) constant -> . NUMBER
    (17) constant -> . FLOATNUM
    (18) constant -> . CHAR_CONST
    (19) constant -> . STRING

    PLUS            shift and go to state 65
    MINUS           shift and go to state 66
    NOT             shift and go to state 69
    INCREMENT       shift and go to state 70
    DECREMENT       shift and go to state 71
    ID              shift and go to state 100
    LPAREN          shift and go to state 51
    NUMBER          shift and go to state 25
    FLOATNUM        shift and go to state 26
    CHAR_CONST      shift and go to state 27
    STRING          shift and go to state 28

    unary_expression               shift and go to state 107
    postfix_expression             shift and go to state 68
    primary_expression             shift and go to state 72
    constant                       shift and go to state 73

state 72

    (60) postfix_expression -> primary_expression .

    LPAREN          reduce using rule 60 (postfix_expression -> primary_expression .)
    INCREMENT       reduce using rule 60 (postfix_expression -> primary_expression .)
    DECREMENT       reduce using rule 60 (postfix_expression -> primary_expression .)
    MULT            reduce using rule 60 (postfix_expression -> primary_expression .)
    DIV             reduce using rule 60 (postfix_expression -> primary_expression .)
    MOD             reduce using rule 60 (postfix_expression -> primary_expression .)
    PLUS            reduce using rule 60 (postfix_expression -> primary_expression .)
    MINUS           reduce using rule 60 (postfix_expression -> primary_expression .)
    LT              reduce using rule 60 (postfix_expression -> primary_expression .)
    LE              reduce using rule 60 (postfix_expression -> primary_expression .)
    GT              reduce using rule 60 (postfix_expression -> primary_expression .)
    GE              reduce using rule 60 (postfix_expression -> primary_expression .)
    EQ              reduce using rule 60 (postfix_expression -> primary_expression .)
    NEQ             reduce using rule 60 (postfix_expression -> primary_expression .)
    AND             reduce using rule 60 (postfix_expression -> primary_expression .)
    OR              reduce using rule 60 (postfix_expression -> primary_expression .)
    SEMI            reduce using rule 60 (postfix_expression -> primary_expression .)
    COMMA           reduce using rule 60 (postfix_expression -> primary_expression .)
    RPAREN          reduce using rule 60 (postfix_expression -> primary_expression .)


state 73

    (75) primary_expression -> constant .

    LPAREN          reduce using rule 75 (primary_expression -> constant .)
    INCREMENT       reduce using rule 75 (primary_expression -> constant .)
    DECREMENT       reduce using rule 75 (primary_expression -> constant .)
    MULT            reduce using rule 75 (primary_expression -> constant .)
    DIV             reduce using rule 75 (primary_expression -> constant .)
    MOD             reduce using rule 75 (primary_expression -> constant .)
    PLUS            reduce using rule 75 (primary_expression -> constant .)
    MINUS           reduce using rule 75 (primary_expression -> constant .)
    LT              reduce using rule 75 (primary_expression -> constant .)
    LE              reduce using rule 75 (primary_expression -> constant .)
    GT              reduce using rule 75 (primary_expression -> constant .)
    GE              reduce using rule 75 (primary_expression -> constant .)
    EQ              reduce using rule 75 (primary_expression -> constant .)
    NEQ             reduce using rule 75 (primary_expression -> constant .)
    AND             reduce using rule 75 (primary_expression -> constant .)
    OR              reduce using rule 75 (primary_expression -> constant .)
    SEMI            reduce using rule 75 (primary_expression -> constant .)
    COMMA           reduce using rule 75 (primary_expression -> constant .)
    RPAREN          reduce using rule 75 (primary_expression -> constant .)


state 74

    (25) compound_statement -> LBRACE statement_list RBRACE .

    INT             reduce using rule 25 (compound_statement -> LBRACE statement_list RBRACE .)
    FLOAT           reduce using rule 25 (compound_statement -> LBRACE statement_list RBRACE .)
    DOUBLE          reduce using rule 25 (compound_statement -> LBRACE statement_list RBRACE .)
    CHAR            reduce using rule 25 (compound_statement -> LBRACE statement_list RBRACE .)
    VOID            reduce using rule 25 (compound_statement -> LBRACE statement_list RBRACE .)
    $end            reduce using rule 25 (compound_statement -> LBRACE statement_list RBRACE .)
    RBRACE          reduce using rule 25 (compound_statement -> LBRACE statement_list RBRACE .)
    SEMI            reduce using rule 25 (compound_statement -> LBRACE statement_list RBRACE .)
    IF              reduce using rule 25 (compound_statement -> LBRACE statement_list RBRACE .)
    WHILE           reduce using rule 25 (compound_statement -> LBRACE statement_list RBRACE .)
    FOR             reduce using rule 25 (compound_statement -> LBRACE statement_list RBRACE .)
    RETURN          reduce using rule 25 (compound_statement -> LBRACE statement_list RBRACE .)
    BREAK           reduce using rule 25 (compound_statement -> LBRACE statement_list RBRACE .)
    CONTINUE        reduce using rule 25 (compound_statement -> LBRACE statement_list RBRACE .)
    LBRACE          reduce using rule 25 (compound_statement -> LBRACE statement_list RBRACE .)
    ID              reduce using rule 25 (compound_statement -> LBRACE statement_list RBRACE .)
    PLUS            reduce using rule 25 (compound_statement -> LBRACE statement_list RBRACE .)
    MINUS           reduce using rule 25 (compound_statement -> LBRACE statement_list RBRACE .)
    NOT             reduce using rule 25 (compound_statement -> LBRACE statement_list RBRACE .)
    INCREMENT       reduce using rule 25 (compound_statement -> LBRACE statement_list RBRACE .)
    DECREMENT       reduce using rule 25 (compound_statement -> LBRACE statement_list RBRACE .)
    LPAREN          reduce using rule 25 (compound_statement -> LBRACE statement_list RBRACE .)
    NUMBER          reduce using rule 25 (compound_statement -> LBRACE statement_list RBRACE .)
    FLOATNUM        reduce using rule 25 (compound_statement -> LBRACE statement_list RBRACE .)
    CHAR_CONST      reduce using rule 25 (compound_statement -> LBRACE statement_list RBRACE .)
    STRING          reduce using rule 25 (compound_statement -> LBRACE statement_list RBRACE .)
    ELSE            reduce using rule 25 (compound_statement -> LBRACE statement_list RBRACE .)


state 75

    (27) statement_list -> statement_list statement .

    RBRACE          reduce using rule 27 (statement_list -> statement_list statement .)
    SEMI            reduce using rule 27 (statement_list -> statement_list statement .)
    IF              reduce using rule 27 (statement_list -> statement_list statement .)
    WHILE           reduce using rule 27 (statement_list -> statement_list statement .)
    FOR             reduce using rule 27 (statement_list -> statement_list statement .)
    RETURN          reduce using rule 27 (statement_list -> statement_list statement .)
    BREAK           reduce using rule 27 (statement_list -> statement_list statement .)
    CONTINUE        reduce using rule 27 (statement_list -> statement_list statement .)
    LBRACE          reduce using rule 27 (statement_list -> statement_list statement .)
    INT             reduce using rule 27 (statement_list -> statement_list statement .)
    FLOAT           reduce using rule 27 (statement_list -> statement_list statement .)
    DOUBLE          reduce using rule 27 (statement_list -> statement_list statement .)
    CHAR            reduce using rule 27 (statement_list -> statement_list statement .)
    VOID            reduce using rule 27 (statement_list -> statement_list statement .)
    ID              reduce using rule 27 (statement_list -> statement_list statement .)
    PLUS            reduce using rule 27 (statement_list -> statement_list statement .)
    MINUS           reduce using rule 27 (statement_list -> statement_list statement .)
    NOT             reduce using rule 27 (statement_list -> statement_list statement .)
    INCREMENT       reduce using rule 27 (statement_list -> statement_list statement .)
    DECREMENT       reduce using rule 27 (statement_list -> statement_list statement .)
    LPAREN          reduce using rule 27 (statement_list -> statement_list statement .)
    NUMBER          reduce using rule 27 (statement_list -> statement_list statement .)
    FLOATNUM        reduce using rule 27 (statement_list -> statement_list statement .)
    CHAR_CONST      reduce using rule 27 (statement_list -> statement_list statement .)
    STRING          reduce using rule 27 (statement_list -> statement_list statement .)


state 76

    (35) expression_statement -> expression SEMI .

    RBRACE          reduce using rule 35 (expression_statement -> expression SEMI .)
    SEMI            reduce using rule 35 (expression_statement -> expression SEMI .)
    IF              reduce using rule 35 (expression_statement -> expression SEMI .)
    WHILE           reduce using rule 35 (expression_statement -> expression SEMI .)
    FOR             reduce using rule 35 (expression_statement -> expression SEMI .)
    RETURN          reduce using rule 35 (expression_statement -> expression SEMI .)
    BREAK           reduce using rule 35 (expression_statement -> expression SEMI .)
    CONTINUE        reduce using rule 35 (expression_statement -> expression SEMI .)
    LBRACE          reduce using rule 35 (expression_statement -> expression SEMI .)
    INT             reduce using rule 35 (expression_statement -> expression SEMI .)
    FLOAT           reduce using rule 35 (expression_statement -> expression SEMI .)
    DOUBLE          reduce using rule 35 (expression_statement -> expression SEMI .)
    CHAR            reduce using rule 35 (expression_statement -> expression SEMI .)
    VOID            reduce using rule 35 (expression_statement -> expression SEMI .)
    ID              reduce using rule 35 (expression_statement -> expression SEMI .)
    PLUS            reduce using rule 35 (expression_statement -> expression SEMI .)
    MINUS           reduce using rule 35 (expression_statement -> expression SEMI .)
    NOT             reduce using rule 35 (expression_statement -> expression SEMI .)
    INCREMENT       reduce using rule 35 (expression_statement -> expression SEMI .)
    DECREMENT       reduce using rule 35 (expression_statement -> expression SEMI .)
    LPAREN          reduce using rule 35 (expression_statement -> expression SEMI .)
    NUMBER          reduce using rule 35 (expression_statement -> expression SEMI .)
    FLOATNUM        reduce using rule 35 (expression_statement -> expression SEMI .)
    CHAR_CONST      reduce using rule 35 (expression_statement -> expression SEMI .)
    STRING          reduce using rule 35 (expression_statement -> expression SEMI .)
    ELSE            reduce using rule 35 (expression_statement -> expression SEMI .)


state 77

    (38) expression -> expression COMMA . assignment_expression
    (39) assignment_expression -> . ID ASSIGN assignment_expression
    (40) assignment_expression -> . logical_or_expression
    (41) logical_or_expression -> . logical_and_expression
    (42) logical_or_expression -> . logical_or_expression OR logical_and_expression
    (43) logical_and_expression -> . equality_expression
    (44) logical_and_expression -> . logical_and_expression AND equality_expression
    (45) equality_expression -> . relational_expression
    (46) equality_expression -> . equality_expression EQ relational_expression
    (47) equality_expression -> . equality_expression NEQ relational_expression
    (48) relational_expression -> . additive_expression
    (49) relational_expression -> . relational_expression LT additive_expression
    (50) relational_expression -> . relational_expression LE additive_expression
    (51) relational_expression -> . relational_expression GT additive_expression
    (52) relational_expression -> . relational_expression GE additive_expression
    (53) additive_expression -> . multiplicative_expression
    (54) additive_expression -> . additive_expression PLUS multiplicative_expression
    (55) additive_expression -> . additive_expression MINUS multiplicative_expression
    (56) multiplicative_expression -> . unary_expression
    (57) multiplicative_expression -> . multiplicative_expression MULT unary_expression
    (58) multiplicative_expression -> . multiplicative_expression DIV unary_expression
    (59) multiplicative_expression -> . multiplicative_expression MOD unary_expression
    (68) unary_expression -> . postfix_expression
    (69) unary_expression -> . PLUS unary_expression
    (70) unary_expression -> . MINUS unary_expression
    (71) unary_expression -> . NOT unary_expression
    (72) unary_expression -> . INCREMENT unary_expression
    (73) unary_expression -> . DECREMENT unary_expression
    (60) postfix_expression -> . primary_expression
    (61) postfix_expression -> . postfix_expression LPAREN argument_expression_list_opt RPAREN
    (62) postfix_expression -> . postfix_expression INCREMENT
    (63) postfix_expression -> . postfix_expression DECREMENT
    (74) primary_expression -> . ID
    (75) primary_expression -> . constant
    (76) primary_expression -> . LPAREN expression RPAREN
    (16) constant -> . NUMBER
    (17) constant -> . FLOATNUM
    (18) constant -> . CHAR_CONST
    (19) constant -> . STRING

    ID              shift and go to state 58
    PLUS            shift and go to state 65
    MINUS           shift and go to state 66
    NOT             shift and go to state 69
    INCREMENT       shift and go to state 70
    DECREMENT       shift and go to state 71
    LPAREN          shift and go to state 51
    NUMBER          shift and go to state 25
    FLOATNUM        shift and go to state 26
    CHAR_CONST      shift and go to state 27
    STRING          shift and go to state 28

    assignment_expression          shift and go to state 108
    logical_or_expression          shift and go to state 59
    logical_and_expression         shift and go to state 60
    equality_expression            shift and go to state 61
    relational_expression          shift and go to state 62
    additive_expression            shift and go to state 63
    multiplicative_expression      shift and go to state 64
    unary_expression               shift and go to state 67
    postfix_expression             shift and go to state 68
    primary_expression             shift and go to state 72
    constant                       shift and go to state 73

state 78

    (77) selection_statement -> IF LPAREN . expression RPAREN statement
    (78) selection_statement -> IF LPAREN . expression RPAREN statement ELSE statement
    (37) expression -> . assignment_expression
    (38) expression -> . expression COMMA assignment_expression
    (39) assignment_expression -> . ID ASSIGN assignment_expression
    (40) assignment_expression -> . logical_or_expression
    (41) logical_or_expression -> . logical_and_expression
    (42) logical_or_expression -> . logical_or_expression OR logical_and_expression
    (43) logical_and_expression -> . equality_expression
    (44) logical_and_expression -> . logical_and_expression AND equality_expression
    (45) equality_expression -> . relational_expression
    (46) equality_expression -> . equality_expression EQ relational_expression
    (47) equality_expression -> . equality_expression NEQ relational_expression
    (48) relational_expression -> . additive_expression
    (49) relational_expression -> . relational_expression LT additive_expression
    (50) relational_expression -> . relational_expression LE additive_expression
    (51) relational_expression -> . relational_expression GT additive_expression
    (52) relational_expression -> . relational_expression GE additive_expression
    (53) additive_expression -> . multiplicative_expression
    (54) additive_expression -> . additive_expression PLUS multiplicative_expression
    (55) additive_expression -> . additive_expression MINUS multiplicative_expression
    (56) multiplicative_expression -> . unary_expression
    (57) multiplicative_expression -> . multiplicative_expression MULT unary_expression
    (58) multiplicative_expression -> . multiplicative_expression DIV unary_expression
    (59) multiplicative_expression -> . multiplicative_expression MOD unary_expression
    (68) unary_expression -> . postfix_expression
    (69) unary_expression -> . PLUS unary_expression
    (70) unary_expression -> . MINUS unary_expression
    (71) unary_expression -> . NOT unary_expression
    (72) unary_expression -> . INCREMENT unary_expression
    (73) unary_expression -> . DECREMENT unary_expression
    (60) postfix_expression -> . primary_expression
    (61) postfix_expression -> . postfix_expression LPAREN argument_expression_list_opt RPAREN
    (62) postfix_expression -> . postfix_expression INCREMENT
    (63) postfix_expression -> . postfix_expression DECREMENT
    (74) primary_expression -> . ID
    (75) primary_expression -> . constant
    (76) primary_expression -> . LPAREN expression RPAREN
    (16) constant -> . NUMBER
    (17) constant -> . FLOATNUM
    (18) constant -> . CHAR_CONST
    (19) constant -> . STRING

    ID              shift and go to state 58
    PLUS            shift and go to state 65
    MINUS           shift and go to state 66
    NOT             shift and go to state 69
    INCREMENT       shift and go to state 70
    DECREMENT       shift and go to state 71
    LPAREN          shift and go to state 51
    NUMBER          shift and go to state 25
    FLOATNUM        shift and go to state 26
    CHAR_CONST      shift and go to state 27
    STRING          shift and go to state 28

    expression                     shift and go to state 109
    assignment_expression          shift and go to state 57
    logical_or_expression          shift and go to state 59
    logical_and_expression         shift and go to state 60
    equality_expression            shift and go to state 61
    relational_expression          shift and go to state 62
    additive_expression            shift and go to state 63
    multiplicative_expression      shift and go to state 64
    unary_expression               shift and go to state 67
    postfix_expression             shift and go to state 68
    primary_expression             shift and go to state 72
    constant                       shift and go to state 73

state 79

    (76) primary_expression -> LPAREN expression . RPAREN
    (38) expression -> expression . COMMA assignment_expression

    RPAREN          shift and go to state 110
    COMMA           shift and go to state 77


state 80

    (79) iteration_statement -> WHILE LPAREN . expression RPAREN statement
    (37) expression -> . assignment_expression
    (38) expression -> . expression COMMA assignment_expression
    (39) assignment_expression -> . ID ASSIGN assignment_expression
    (40) assignment_expression -> . logical_or_expression
    (41) logical_or_expression -> . logical_and_expression
    (42) logical_or_expression -> . logical_or_expression OR logical_and_expression
    (43) logical_and_expression -> . equality_expression
    (44) logical_and_expression -> . logical_and_expression AND equality_expression
    (45) equality_expression -> . relational_expression
    (46) equality_expression -> . equality_expression EQ relational_expression
    (47) equality_expression -> . equality_expression NEQ relational_expression
    (48) relational_expression -> . additive_expression
    (49) relational_expression -> . relational_expression LT additive_expression
    (50) relational_expression -> . relational_expression LE additive_expression
    (51) relational_expression -> . relational_expression GT additive_expression
    (52) relational_expression -> . relational_expression GE additive_expression
    (53) additive_expression -> . multiplicative_expression
    (54) additive_expression -> . additive_expression PLUS multiplicative_expression
    (55) additive_expression -> . additive_expression MINUS multiplicative_expression
    (56) multiplicative_expression -> . unary_expression
    (57) multiplicative_expression -> . multiplicative_expression MULT unary_expression
    (58) multiplicative_expression -> . multiplicative_expression DIV unary_expression
    (59) multiplicative_expression -> . multiplicative_expression MOD unary_expression
    (68) unary_expression -> . postfix_expression
    (69) unary_expression -> . PLUS unary_expression
    (70) unary_expression -> . MINUS unary_expression
    (71) unary_expression -> . NOT unary_expression
    (72) unary_expression -> . INCREMENT unary_expression
    (73) unary_expression -> . DECREMENT unary_expression
    (60) postfix_expression -> . primary_expression
    (61) postfix_expression -> . postfix_expression LPAREN argument_expression_list_opt RPAREN
    (62) postfix_expression -> . postfix_expression INCREMENT
    (63) postfix_expression -> . postfix_expression DECREMENT
    (74) primary_expression -> . ID
    (75) primary_expression -> . constant
    (76) primary_expression -> . LPAREN expression RPAREN
    (16) constant -> . NUMBER
    (17) constant -> . FLOATNUM
    (18) constant -> . CHAR_CONST
    (19) constant -> . STRING

    ID              shift and go to state 58
    PLUS            shift and go to state 65
    MINUS           shift and go to state 66
    NOT             shift and go to state 69
    INCREMENT       shift and go to state 70
    DECREMENT       shift and go to state 71
    LPAREN          shift and go to state 51
    NUMBER          shift and go to state 25
    FLOATNUM        shift and go to state 26
    CHAR_CONST      shift and go to state 27
    STRING          shift and go to state 28

    expression                     shift and go to state 111
    assignment_expression          shift and go to state 57
    logical_or_expression          shift and go to state 59
    logical_and_expression         shift and go to state 60
    equality_expression            shift and go to state 61
    relational_expression          shift and go to state 62
    additive_expression            shift and go to state 63
    multiplicative_expression      shift and go to state 64
    unary_expression               shift and go to state 67
    postfix_expression             shift and go to state 68
    primary_expression             shift and go to state 72
    constant                       shift and go to state 73

state 81

    (80) iteration_statement -> FOR LPAREN . expression_statement expression_statement expression RPAREN statement
    (35) expression_statement -> . expression SEMI
    (36) expression_statement -> . SEMI
    (37) expression -> . assignment_expression
    (38) expression -> . expression COMMA assignment_expression
    (39) assignment_expression -> . ID ASSIGN assignment_expression
    (40) assignment_expression -> . logical_or_expression
    (41) logical_or_expression -> . logical_and_expression
    (42) logical_or_expression -> . logical_or_expression OR logical_and_expression
    (43) logical_and_expression -> . equality_expression
    (44) logical_and_expression -> . logical_and_expression AND equality_expression
    (45) equality_expression -> . relational_expression
    (46) equality_expression -> . equality_expression EQ relational_expression
    (47) equality_expression -> . equality_expression NEQ relational_expression
    (48) relational_expression -> . additive_expression
    (49) relational_expression -> . relational_expression LT additive_expression
    (50) relational_expression -> . relational_expression LE additive_expression
    (51) relational_expression -> . relational_expression GT additive_expression
    (52) relational_expression -> . relational_expression GE additive_expression
    (53) additive_expression -> . multiplicative_expression
    (54) additive_expression -> . additive_expression PLUS multiplicative_expression
    (55) additive_expression -> . additive_expression MINUS multiplicative_expression
    (56) multiplicative_expression -> . unary_expression
    (57) multiplicative_expression -> . multiplicative_expression MULT unary_expression
    (58) multiplicative_expression -> . multiplicative_expression DIV unary_expression
    (59) multiplicative_expression -> . multiplicative_expression MOD unary_expression
    (68) unary_expression -> . postfix_expression
    (69) unary_expression -> . PLUS unary_expression
    (70) unary_expression -> . MINUS unary_expression
    (71) unary_expression -> . NOT unary_expression
    (72) unary_expression -> . INCREMENT unary_expression
    (73) unary_expression -> . DECREMENT unary_expression
    (60) postfix_expression -> . primary_expression
    (61) postfix_expression -> . postfix_expression LPAREN argument_expression_list_opt RPAREN
    (62) postfix_expression -> . postfix_expression INCREMENT
    (63) postfix_expression -> . postfix_expression DECREMENT
    (74) primary_expression -> . ID
    (75) primary_expression -> . constant
    (76) primary_expression -> . LPAREN expression RPAREN
    (16) constant -> . NUMBER
    (17) constant -> . FLOATNUM
    (18) constant -> . CHAR_CONST
    (19) constant -> . STRING

    SEMI            shift and go to state 48
    ID              shift and go to state 58
    PLUS            shift and go to state 65
    MINUS           shift and go to state 66
    NOT             shift and go to state 69
    INCREMENT       shift and go to state 70
    DECREMENT       shift and go to state 71
    LPAREN          shift and go to state 51
    NUMBER          shift and go to state 25
    FLOATNUM        shift and go to state 26
    CHAR_CONST      shift and go to state 27
    STRING          shift and go to state 28

    expression_statement           shift and go to state 112
    expression                     shift and go to state 49
    assignment_expression          shift and go to state 57
    logical_or_expression          shift and go to state 59
    logical_and_expression         shift and go to state 60
    equality_expression            shift and go to state 61
    relational_expression          shift and go to state 62
    additive_expression            shift and go to state 63
    multiplicative_expression      shift and go to state 64
    unary_expression               shift and go to state 67
    postfix_expression             shift and go to state 68
    primary_expression             shift and go to state 72
    constant                       shift and go to state 73

state 82

    (81) jump_statement -> RETURN expression . SEMI
    (38) expression -> expression . COMMA assignment_expression

    SEMI            shift and go to state 113
    COMMA           shift and go to state 77


state 83

    (82) jump_statement -> BREAK SEMI .

    RBRACE          reduce using rule 82 (jump_statement -> BREAK SEMI .)
    SEMI            reduce using rule 82 (jump_statement -> BREAK SEMI .)
    IF              reduce using rule 82 (jump_statement -> BREAK SEMI .)
    WHILE           reduce using rule 82 (jump_statement -> BREAK SEMI .)
    FOR             reduce using rule 82 (jump_statement -> BREAK SEMI .)
    RETURN          reduce using rule 82 (jump_statement -> BREAK SEMI .)
    BREAK           reduce using rule 82 (jump_statement -> BREAK SEMI .)
    CONTINUE        reduce using rule 82 (jump_statement -> BREAK SEMI .)
    LBRACE          reduce using rule 82 (jump_statement -> BREAK SEMI .)
    INT             reduce using rule 82 (jump_statement -> BREAK SEMI .)
    FLOAT           reduce using rule 82 (jump_statement -> BREAK SEMI .)
    DOUBLE          reduce using rule 82 (jump_statement -> BREAK SEMI .)
    CHAR            reduce using rule 82 (jump_statement -> BREAK SEMI .)
    VOID            reduce using rule 82 (jump_statement -> BREAK SEMI .)
    ID              reduce using rule 82 (jump_statement -> BREAK SEMI .)
    PLUS            reduce using rule 82 (jump_statement -> BREAK SEMI .)
    MINUS           reduce using rule 82 (jump_statement -> BREAK SEMI .)
    NOT             reduce using rule 82 (jump_statement -> BREAK SEMI .)
    INCREMENT       reduce using rule 82 (jump_statement -> BREAK SEMI .)
    DECREMENT       reduce using rule 82 (jump_statement -> BREAK SEMI .)
    LPAREN          reduce using rule 82 (jump_statement -> BREAK SEMI .)
    NUMBER          reduce using rule 82 (jump_statement -> BREAK SEMI .)
    FLOATNUM        reduce using rule 82 (jump_statement -> BREAK SEMI .)
    CHAR_CONST      reduce using rule 82 (jump_statement -> BREAK SEMI .)
    STRING          reduce using rule 82 (jump_statement -> BREAK SEMI .)
    ELSE            reduce using rule 82 (jump_statement -> BREAK SEMI .)


state 84

    (83) jump_statement -> CONTINUE SEMI .

    RBRACE          reduce using rule 83 (jump_statement -> CONTINUE SEMI .)
    SEMI            reduce using rule 83 (jump_statement -> CONTINUE SEMI .)
    IF              reduce using rule 83 (jump_statement -> CONTINUE SEMI .)
    WHILE           reduce using rule 83 (jump_statement -> CONTINUE SEMI .)
    FOR             reduce using rule 83 (jump_statement -> CONTINUE SEMI .)
    RETURN          reduce using rule 83 (jump_statement -> CONTINUE SEMI .)
    BREAK           reduce using rule 83 (jump_statement -> CONTINUE SEMI .)
    CONTINUE        reduce using rule 83 (jump_statement -> CONTINUE SEMI .)
    LBRACE          reduce using rule 83 (jump_statement -> CONTINUE SEMI .)
    INT             reduce using rule 83 (jump_statement -> CONTINUE SEMI .)
    FLOAT           reduce using rule 83 (jump_statement -> CONTINUE SEMI .)
    DOUBLE          reduce using rule 83 (jump_statement -> CONTINUE SEMI .)
    CHAR            reduce using rule 83 (jump_statement -> CONTINUE SEMI .)
    VOID            reduce using rule 83 (jump_statement -> CONTINUE SEMI .)
    ID              reduce using rule 83 (jump_statement -> CONTINUE SEMI .)
    PLUS            reduce using rule 83 (jump_statement -> CONTINUE SEMI .)
    MINUS           reduce using rule 83 (jump_statement -> CONTINUE SEMI .)
    NOT             reduce using rule 83 (jump_statement -> CONTINUE SEMI .)
    INCREMENT       reduce using rule 83 (jump_statement -> CONTINUE SEMI .)
    DECREMENT       reduce using rule 83 (jump_statement -> CONTINUE SEMI .)
    LPAREN          reduce using rule 83 (jump_statement -> CONTINUE SEMI .)
    NUMBER          reduce using rule 83 (jump_statement -> CONTINUE SEMI .)
    FLOATNUM        reduce using rule 83 (jump_statement -> CONTINUE SEMI .)
    CHAR_CONST      reduce using rule 83 (jump_statement -> CONTINUE SEMI .)
    STRING          reduce using rule 83 (jump_statement -> CONTINUE SEMI .)
    ELSE            reduce using rule 83 (jump_statement -> CONTINUE SEMI .)


state 85

    (39) assignment_expression -> ID ASSIGN . assignment_expression
    (39) assignment_expression -> . ID ASSIGN assignment_expression
    (40) assignment_expression -> . logical_or_expression
    (41) logical_or_expression -> . logical_and_expression
    (42) logical_or_expression -> . logical_or_expression OR logical_and_expression
    (43) logical_and_expression -> . equality_expression
    (44) logical_and_expression -> . logical_and_expression AND equality_expression
    (45) equality_expression -> . relational_expression
    (46) equality_expression -> . equality_expression EQ relational_expression
    (47) equality_expression -> . equality_expression NEQ relational_expression
    (48) relational_expression -> . additive_expression
    (49) relational_expression -> . relational_expression LT additive_expression
    (50) relational_expression -> . relational_expression LE additive_expression
    (51) relational_expression -> . relational_expression GT additive_expression
    (52) relational_expression -> . relational_expression GE additive_expression
    (53) additive_expression -> . multiplicative_expression
    (54) additive_expression -> . additive_expression PLUS multiplicative_expression
    (55) additive_expression -> . additive_expression MINUS multiplicative_expression
    (56) multiplicative_expression -> . unary_expression
    (57) multiplicative_expression -> . multiplicative_expression MULT unary_expression
    (58) multiplicative_expression -> . multiplicative_expression DIV unary_expression
    (59) multiplicative_expression -> . multiplicative_expression MOD unary_expression
    (68) unary_expression -> . postfix_expression
    (69) unary_expression -> . PLUS unary_expression
    (70) unary_expression -> . MINUS unary_expression
    (71) unary_expression -> . NOT unary_expression
    (72) unary_expression -> . INCREMENT unary_expression
    (73) unary_expression -> . DECREMENT unary_expression
    (60) postfix_expression -> . primary_expression
    (61) postfix_expression -> . postfix_expression LPAREN argument_expression_list_opt RPAREN
    (62) postfix_expression -> . postfix_expression INCREMENT
    (63) postfix_expression -> . postfix_expression DECREMENT
    (74) primary_expression -> . ID
    (75) primary_expression -> . constant
    (76) primary_expression -> . LPAREN expression RPAREN
    (16) constant -> . NUMBER
    (17) constant -> . FLOATNUM
    (18) constant -> . CHAR_CONST
    (19) constant -> . STRING

    ID              shift and go to state 58
    PLUS            shift and go to state 65
    MINUS           shift and go to state 66
    NOT             shift and go to state 69
    INCREMENT       shift and go to state 70
    DECREMENT       shift and go to state 71
    LPAREN          shift and go to state 51
    NUMBER          shift and go to state 25
    FLOATNUM        shift and go to state 26
    CHAR_CONST      shift and go to state 27
    STRING          shift and go to state 28

    assignment_expression          shift and go to state 114
    logical_or_expression          shift and go to state 59
    logical_and_expression         shift and go to state 60
    equality_expression            shift and go to state 61
    relational_expression          shift and go to state 62
    additive_expression            shift and go to state 63
    multiplicative_expression      shift and go to state 64
    unary_expression               shift and go to state 67
    postfix_expression             shift and go to state 68
    primary_expression             shift and go to state 72
    constant                       shift and go to state 73

state 86

    (42) logical_or_expression -> logical_or_expression OR . logical_and_expression
    (43) logical_and_expression -> . equality_expression
    (44) logical_and_expression -> . logical_and_expression AND equality_expression
    (45) equality_expression -> . relational_expression
    (46) equality_expression -> . equality_expression EQ relational_expression
    (47) equality_expression -> . equality_expression NEQ relational_expression
    (48) relational_expression -> . additive_expression
    (49) relational_expression -> . relational_expression LT additive_expression
    (50) relational_expression -> . relational_expression LE additive_expression
    (51) relational_expression -> . relational_expression GT additive_expression
    (52) relational_expression -> . relational_expression GE additive_expression
    (53) additive_expression -> . multiplicative_expression
    (54) additive_expression -> . additive_expression PLUS multiplicative_expression
    (55) additive_expression -> . additive_expression MINUS multiplicative_expression
    (56) multiplicative_expression -> . unary_expression
    (57) multiplicative_expression -> . multiplicative_expression MULT unary_expression
    (58) multiplicative_expression -> . multiplicative_expression DIV unary_expression
    (59) multiplicative_expression -> . multiplicative_expression MOD unary_expression
    (68) unary_expression -> . postfix_expression
    (69) unary_expression -> . PLUS unary_expression
    (70) unary_expression -> . MINUS unary_expression
    (71) unary_expression -> . NOT unary_expression
    (72) unary_expression -> . INCREMENT unary_expression
    (73) unary_expression -> . DECREMENT unary_expression
    (60) postfix_expression -> . primary_expression
    (61) postfix_expression -> . postfix_expression LPAREN argument_expression_list_opt RPAREN
    (62) postfix_expression -> . postfix_expression INCREMENT
    (63) postfix_expression -> . postfix_expression DECREMENT
    (74) primary_expression -> . ID
    (75) primary_expression -> . constant
    (76) primary_expression -> . LPAREN expression RPAREN
    (16) constant -> . NUMBER
    (17) constant -> . FLOATNUM
    (18) constant -> . CHAR_CONST
    (19) constant -> . STRING

    PLUS            shift and go to state 65
    MINUS           shift and go to state 66
    NOT             shift and go to state 69
    INCREMENT       shift and go to state 70
    DECREMENT       shift and go to state 71
    ID              shift and go to state 100
    LPAREN          shift and go to state 51
    NUMBER          shift and go to state 25
    FLOATNUM        shift and go to state 26
    CHAR_CONST      shift and go to state 27
    STRING          shift and go to state 28

    logical_and_expression         shift and go to state 115
    equality_expression            shift and go to state 61
    relational_expression          shift and go to state 62
    additive_expression            shift and go to state 63
    multiplicative_expression      shift and go to state 64
    unary_expression               shift and go to state 67
    postfix_expression             shift and go to state 68
    primary_expression             shift and go to state 72
    constant                       shift and go to state 73

state 87

    (44) logical_and_expression -> logical_and_expression AND . equality_expression
    (45) equality_expression -> . relational_expression
    (46) equality_expression -> . equality_expression EQ relational_expression
    (47) equality_expression -> . equality_expression NEQ relational_expression
    (48) relational_expression -> . additive_expression
    (49) relational_expression -> . relational_expression LT additive_expression
    (50) relational_expression -> . relational_expression LE additive_expression
    (51) relational_expression -> . relational_expression GT additive_expression
    (52) relational_expression -> . relational_expression GE additive_expression
    (53) additive_expression -> . multiplicative_expression
    (54) additive_expression -> . additive_expression PLUS multiplicative_expression
    (55) additive_expression -> . additive_expression MINUS multiplicative_expression
    (56) multiplicative_expression -> . unary_expression
    (57) multiplicative_expression -> . multiplicative_expression MULT unary_expression
    (58) multiplicative_expression -> . multiplicative_expression DIV unary_expression
    (59) multiplicative_expression -> . multiplicative_expression MOD unary_expression
    (68) unary_expression -> . postfix_expression
    (69) unary_expression -> . PLUS unary_expression
    (70) unary_expression -> . MINUS unary_expression
    (71) unary_expression -> . NOT unary_expression
    (72) unary_expression -> . INCREMENT unary_expression
    (73) unary_expression -> . DECREMENT unary_expression
    (60) postfix_expression -> . primary_expression
    (61) postfix_expression -> . postfix_expression LPAREN argument_expression_list_opt RPAREN
    (62) postfix_expression -> . postfix_expression INCREMENT
    (63) postfix_expression -> . postfix_expression DECREMENT
    (74) primary_expression -> . ID
    (75) primary_expression -> . constant
    (76) primary_expression -> . LPAREN expression RPAREN
    (16) constant -> . NUMBER
    (17) constant -> . FLOATNUM
    (18) constant -> . CHAR_CONST
    (19) constant -> . STRING

    PLUS            shift and go to state 65
    MINUS           shift and go to state 66
    NOT             shift and go to state 69
    INCREMENT       shift and go to state 70
    DECREMENT       shift and go to state 71
    ID              shift and go to state 100
    LPAREN          shift and go to state 51
    NUMBER          shift and go to state 25
    FLOATNUM        shift and go to state 26
    CHAR_CONST      shift and go to state 27
    STRING          shift and go to state 28

    equality_expression            shift and go to state 116
    relational_expression          shift and go to state 62
    additive_expression            shift and go to state 63
    multiplicative_expression      shift and go to state 64
    unary_expression               shift and go to state 67
    postfix_expression             shift and go to state 68
    primary_expression             shift and go to state 72
    constant                       shift and go to state 73

state 88

    (46) equality_expression -> equality_expression EQ . relational_expression
    (48) relational_expression -> . additive_expression
    (49) relational_expression -> . relational_expression LT additive_expression
    (50) relational_expression -> . relational_expression LE additive_expression
    (51) relational_expression -> . relational_expression GT additive_expression
    (52) relational_expression -> . relational_expression GE additive_expression
    (53) additive_expression -> . multiplicative_expression
    (54) additive_expression -> . additive_expression PLUS multiplicative_expression
    (55) additive_expression -> . additive_expression MINUS multiplicative_expression
    (56) multiplicative_expression -> . unary_expression
    (57) multiplicative_expression -> . multiplicative_expression MULT unary_expression
    (58) multiplicative_expression -> . multiplicative_expression DIV unary_expression
    (59) multiplicative_expression -> . multiplicative_expression MOD unary_expression
    (68) unary_expression -> . postfix_expression
    (69) unary_expression -> . PLUS unary_expression
    (70) unary_expression -> . MINUS unary_expression
    (71) unary_expression -> . NOT unary_expression
    (72) unary_expression -> . INCREMENT unary_expression
    (73) unary_expression -> . DECREMENT unary_expression
    (60) postfix_expression -> . primary_expression
    (61) postfix_expression -> . postfix_expression LPAREN argument_expression_list_opt RPAREN
    (62) postfix_expression -> . postfix_expression INCREMENT
    (63) postfix_expression -> . postfix_expression DECREMENT
    (74) primary_expression -> . ID
    (75) primary_expression -> . constant
    (76) primary_expression -> . LPAREN expression RPAREN
    (16) constant -> . NUMBER
    (17) constant -> . FLOATNUM
    (18) constant -> . CHAR_CONST
    (19) constant -> . STRING

    PLUS            shift and go to state 65
    MINUS           shift and go to state 66
    NOT             shift and go to state 69
    INCREMENT       shift and go to state 70
    DECREMENT       shift and go to state 71
    ID              shift and go to state 100
    LPAREN          shift and go to state 51
    NUMBER          shift and go to state 25
    FLOATNUM        shift and go to state 26
    CHAR_CONST      shift and go to state 27
    STRING          shift and go to state 28

    relational_expression          shift and go to state 117
    additive_expression            shift and go to state 63
    multiplicative_expression      shift and go to state 64
    unary_expression               shift and go to state 67
    postfix_expression             shift and go to state 68
    primary_expression             shift and go to state 72
    constant                       shift and go to state 73

state 89

    (47) equality_expression -> equality_expression NEQ . relational_expression
    (48) relational_expression -> . additive_expression
    (49) relational_expression -> . relational_expression LT additive_expression
    (50) relational_expression -> . relational_expression LE additive_expression
    (51) relational_expression -> . relational_expression GT additive_expression
    (52) relational_expression -> . relational_expression GE additive_expression
    (53) additive_expression -> . multiplicative_expression
    (54) additive_expression -> . additive_expression PLUS multiplicative_expression
    (55) additive_expression -> . additive_expression MINUS multiplicative_expression
    (56) multiplicative_expression -> . unary_expression
    (57) multiplicative_expression -> . multiplicative_expression MULT unary_expression
    (58) multiplicative_expression -> . multiplicative_expression DIV unary_expression
    (59) multiplicative_expression -> . multiplicative_expression MOD unary_expression
    (68) unary_expression -> . postfix_expression
    (69) unary_expression -> . PLUS unary_expression
    (70) unary_expression -> . MINUS unary_expression
    (71) unary_expression -> . NOT unary_expression
    (72) unary_expression -> . INCREMENT unary_expression
    (73) unary_expression -> . DECREMENT unary_expression
    (60) postfix_expression -> . primary_expression
    (61) postfix_expression -> . postfix_expression LPAREN argument_expression_list_opt RPAREN
    (62) postfix_expression -> . postfix_expression INCREMENT
    (63) postfix_expression -> . postfix_expression DECREMENT
    (74) primary_expression -> . ID
    (75) primary_expression -> . constant
    (76) primary_expression -> . LPAREN expression RPAREN
    (16) constant -> . NUMBER
    (17) constant -> . FLOATNUM
    (18) constant -> . CHAR_CONST
    (19) constant -> . STRING

    PLUS            shift and go to state 65
    MINUS           shift and go to state 66
    NOT             shift and go to state 69
    INCREMENT       shift and go to state 70
    DECREMENT       shift and go to state 71
    ID              shift and go to state 100
    LPAREN          shift and go to state 51
    NUMBER          shift and go to state 25
    FLOATNUM        shift and go to state 26
    CHAR_CONST      shift and go to state 27
    STRING          shift and go to state 28

    relational_expression          shift and go to state 118
    additive_expression            shift and go to state 63
    multiplicative_expression      shift and go to state 64
    unary_expression               shift and go to state 67
    postfix_expression             shift and go to state 68
    primary_expression             shift and go to state 72
    constant                       shift and go to state 73

state 90

    (49) relational_expression -> relational_expression LT . additive_expression
    (53) additive_expression -> . multiplicative_expression
    (54) additive_expression -> . additive_expression PLUS multiplicative_expression
    (55) additive_expression -> . additive_expression MINUS multiplicative_expression
    (56) multiplicative_expression -> . unary_expression
    (57) multiplicative_expression -> . multiplicative_expression MULT unary_expression
    (58) multiplicative_expression -> . multiplicative_expression DIV unary_expression
    (59) multiplicative_expression -> . multiplicative_expression MOD unary_expression
    (68) unary_expression -> . postfix_expression
    (69) unary_expression -> . PLUS unary_expression
    (70) unary_expression -> . MINUS unary_expression
    (71) unary_expression -> . NOT unary_expression
    (72) unary_expression -> . INCREMENT unary_expression
    (73) unary_expression -> . DECREMENT unary_expression
    (60) postfix_expression -> . primary_expression
    (61) postfix_expression -> . postfix_expression LPAREN argument_expression_list_opt RPAREN
    (62) postfix_expression -> . postfix_expression INCREMENT
    (63) postfix_expression -> . postfix_expression DECREMENT
    (74) primary_expression -> . ID
    (75) primary_expression -> . constant
    (76) primary_expression -> . LPAREN expression RPAREN
    (16) constant -> . NUMBER
    (17) constant -> . FLOATNUM
    (18) constant -> . CHAR_CONST
    (19) constant -> . STRING

    PLUS            shift and go to state 65
    MINUS           shift and go to state 66
    NOT             shift and go to state 69
    INCREMENT       shift and go to state 70
    DECREMENT       shift and go to state 71
    ID              shift and go to state 100
    LPAREN          shift and go to state 51
    NUMBER          shift and go to state 25
    FLOATNUM        shift and go to state 26
    CHAR_CONST      shift and go to state 27
    STRING          shift and go to state 28

    additive_expression            shift and go to state 119
    multiplicative_expression      shift and go to state 64
    unary_expression               shift and go to state 67
    postfix_expression             shift and go to state 68
    primary_expression             shift and go to state 72
    constant                       shift and go to state 73

state 91

    (50) relational_expression -> relational_expression LE . additive_expression
    (53) additive_expression -> . multiplicative_expression
    (54) additive_expression -> . additive_expression PLUS multiplicative_expression
    (55) additive_expression -> . additive_expression MINUS multiplicative_expression
    (56) multiplicative_expression -> . unary_expression
    (57) multiplicative_expression -> . multiplicative_expression MULT unary_expression
    (58) multiplicative_expression -> . multiplicative_expression DIV unary_expression
    (59) multiplicative_expression -> . multiplicative_expression MOD unary_expression
    (68) unary_expression -> . postfix_expression
    (69) unary_expression -> . PLUS unary_expression
    (70) unary_expression -> . MINUS unary_expression
    (71) unary_expression -> . NOT unary_expression
    (72) unary_expression -> . INCREMENT unary_expression
    (73) unary_expression -> . DECREMENT unary_expression
    (60) postfix_expression -> . primary_expression
    (61) postfix_expression -> . postfix_expression LPAREN argument_expression_list_opt RPAREN
    (62) postfix_expression -> . postfix_expression INCREMENT
    (63) postfix_expression -> . postfix_expression DECREMENT
    (74) primary_expression -> . ID
    (75) primary_expression -> . constant
    (76) primary_expression -> . LPAREN expression RPAREN
    (16) constant -> . NUMBER
    (17) constant -> . FLOATNUM
    (18) constant -> . CHAR_CONST
    (19) constant -> . STRING

    PLUS            shift and go to state 65
    MINUS           shift and go to state 66
    NOT             shift and go to state 69
    INCREMENT       shift and go to state 70
    DECREMENT       shift and go to state 71
    ID              shift and go to state 100
    LPAREN          shift and go to state 51
    NUMBER          shift and go to state 25
    FLOATNUM        shift and go to state 26
    CHAR_CONST      shift and go to state 27
    STRING          shift and go to state 28

    additive_expression            shift and go to state 120
    multiplicative_expression      shift and go to state 64
    unary_expression               shift and go to state 67
    postfix_expression             shift and go to state 68
    primary_expression             shift and go to state 72
    constant                       shift and go to state 73

state 92

    (51) relational_expression -> relational_expression GT . additive_expression
    (53) additive_expression -> . multiplicative_expression
    (54) additive_expression -> . additive_expression PLUS multiplicative_expression
    (55) additive_expression -> . additive_expression MINUS multiplicative_expression
    (56) multiplicative_expression -> . unary_expression
    (57) multiplicative_expression -> . multiplicative_expression MULT unary_expression
    (58) multiplicative_expression -> . multiplicative_expression DIV unary_expression
    (59) multiplicative_expression -> . multiplicative_expression MOD unary_expression
    (68) unary_expression -> . postfix_expression
    (69) unary_expression -> . PLUS unary_expression
    (70) unary_expression -> . MINUS unary_expression
    (71) unary_expression -> . NOT unary_expression
    (72) unary_expression -> . INCREMENT unary_expression
    (73) unary_expression -> . DECREMENT unary_expression
    (60) postfix_expression -> . primary_expression
    (61) postfix_expression -> . postfix_expression LPAREN argument_expression_list_opt RPAREN
    (62) postfix_expression -> . postfix_expression INCREMENT
    (63) postfix_expression -> . postfix_expression DECREMENT
    (74) primary_expression -> . ID
    (75) primary_expression -> . constant
    (76) primary_expression -> . LPAREN expression RPAREN
    (16) constant -> . NUMBER
    (17) constant -> . FLOATNUM
    (18) constant -> . CHAR_CONST
    (19) constant -> . STRING

    PLUS            shift and go to state 65
    MINUS           shift and go to state 66
    NOT             shift and go to state 69
    INCREMENT       shift and go to state 70
    DECREMENT       shift and go to state 71
    ID              shift and go to state 100
    LPAREN          shift and go to state 51
    NUMBER          shift and go to state 25
    FLOATNUM        shift and go to state 26
    CHAR_CONST      shift and go to state 27
    STRING          shift and go to state 28

    additive_expression            shift and go to state 121
    multiplicative_expression      shift and go to state 64
    unary_expression               shift and go to state 67
    postfix_expression             shift and go to state 68
    primary_expression             shift and go to state 72
    constant                       shift and go to state 73

state 93

    (52) relational_expression -> relational_expression GE . additive_expression
    (53) additive_expression -> . multiplicative_expression
    (54) additive_expression -> . additive_expression PLUS multiplicative_expression
    (55) additive_expression -> . additive_expression MINUS multiplicative_expression
    (56) multiplicative_expression -> . unary_expression
    (57) multiplicative_expression -> . multiplicative_expression MULT unary_expression
    (58) multiplicative_expression -> . multiplicative_expression DIV unary_expression
    (59) multiplicative_expression -> . multiplicative_expression MOD unary_expression
    (68) unary_expression -> . postfix_expression
    (69) unary_expression -> . PLUS unary_expression
    (70) unary_expression -> . MINUS unary_expression
    (71) unary_expression -> . NOT unary_expression
    (72) unary_expression -> . INCREMENT unary_expression
    (73) unary_expression -> . DECREMENT unary_expression
    (60) postfix_expression -> . primary_expression
    (61) postfix_expression -> . postfix_expression LPAREN argument_expression_list_opt RPAREN
    (62) postfix_expression -> . postfix_expression INCREMENT
    (63) postfix_expression -> . postfix_expression DECREMENT
    (74) primary_expression -> . ID
    (75) primary_expression -> . constant
    (76) primary_expression -> . LPAREN expression RPAREN
    (16) constant -> . NUMBER
    (17) constant -> . FLOATNUM
    (18) constant -> . CHAR_CONST
    (19) constant -> . STRING

    PLUS            shift and go to state 65
    MINUS           shift and go to state 66
    NOT             shift and go to state 69
    INCREMENT       shift and go to state 70
    DECREMENT       shift and go to state 71
    ID              shift and go to state 100
    LPAREN          shift and go to state 51
    NUMBER          shift and go to state 25
    FLOATNUM        shift and go to state 26
    CHAR_CONST      shift and go to state 27
    STRING          shift and go to state 28

    additive_expression            shift and go to state 122
    multiplicative_expression      shift and go to state 64
    unary_expression               shift and go to state 67
    postfix_expression             shift and go to state 68
    primary_expression             shift and go to state 72
    constant                       shift and go to state 73

state 94

    (54) additive_expression -> additive_expression PLUS . multiplicative_expression
    (56) multiplicative_expression -> . unary_expression
    (57) multiplicative_expression -> . multiplicative_expression MULT unary_expression
    (58) multiplicative_expression -> . multiplicative_expression DIV unary_expression
    (59) multiplicative_expression -> . multiplicative_expression MOD unary_expression
    (68) unary_expression -> . postfix_expression
    (69) unary_expression -> . PLUS unary_expression
    (70) unary_expression -> . MINUS unary_expression
    (71) unary_expression -> . NOT unary_expression
    (72) unary_expression -> . INCREMENT unary_expression
    (73) unary_expression -> . DECREMENT unary_expression
    (60) postfix_expression -> . primary_expression
    (61) postfix_expression -> . postfix_expression LPAREN argument_expression_list_opt RPAREN
    (62) postfix_expression -> . postfix_expression INCREMENT
    (63) postfix_expression -> . postfix_expression DECREMENT
    (74) primary_expression -> . ID
    (75) primary_expression -> . constant
    (76) primary_expression -> . LPAREN expression RPAREN
    (16) constant -> . NUMBER
    (17) constant -> . FLOATNUM
    (18) constant -> . CHAR_CONST
    (19) constant -> . STRING

    PLUS            shift and go to state 65
    MINUS           shift and go to state 66
    NOT             shift and go to state 69
    INCREMENT       shift and go to state 70
    DECREMENT       shift and go to state 71
    ID              shift and go to state 100
    LPAREN          shift and go to state 51
    NUMBER          shift and go to state 25
    FLOATNUM        shift and go to state 26
    CHAR_CONST      shift and go to state 27
    STRING          shift and go to state 28

    multiplicative_expression      shift and go to state 123
    unary_expression               shift and go to state 67
    postfix_expression             shift and go to state 68
    primary_expression             shift and go to state 72
    constant                       shift and go to state 73

state 95

    (55) additive_expression -> additive_expression MINUS . multiplicative_expression
    (56) multiplicative_expression -> . unary_expression
    (57) multiplicative_expression -> . multiplicative_expression MULT unary_expression
    (58) multiplicative_expression -> . multiplicative_expression DIV unary_expression
    (59) multiplicative_expression -> . multiplicative_expression MOD unary_expression
    (68) unary_expression -> . postfix_expression
    (69) unary_expression -> . PLUS unary_expression
    (70) unary_expression -> . MINUS unary_expression
    (71) unary_expression -> . NOT unary_expression
    (72) unary_expression -> . INCREMENT unary_expression
    (73) unary_expression -> . DECREMENT unary_expression
    (60) postfix_expression -> . primary_expression
    (61) postfix_expression -> . postfix_expression LPAREN argument_expression_list_opt RPAREN
    (62) postfix_expression -> . postfix_expression INCREMENT
    (63) postfix_expression -> . postfix_expression DECREMENT
    (74) primary_expression -> . ID
    (75) primary_expression -> . constant
    (76) primary_expression -> . LPAREN expression RPAREN
    (16) constant -> . NUMBER
    (17) constant -> . FLOATNUM
    (18) constant -> . CHAR_CONST
    (19) constant -> . STRING

    PLUS            shift and go to state 65
    MINUS           shift and go to state 66
    NOT             shift and go to state 69
    INCREMENT       shift and go to state 70
    DECREMENT       shift and go to state 71
    ID              shift and go to state 100
    LPAREN          shift and go to state 51
    NUMBER          shift and go to state 25
    FLOATNUM        shift and go to state 26
    CHAR_CONST      shift and go to state 27
    STRING          shift and go to state 28

    multiplicative_expression      shift and go to state 124
    unary_expression               shift and go to state 67
    postfix_expression             shift and go to state 68
    primary_expression             shift and go to state 72
    constant                       shift and go to state 73

state 96

    (57) multiplicative_expression -> multiplicative_expression MULT . unary_expression
    (68) unary_expression -> . postfix_expression
    (69) unary_expression -> . PLUS unary_expression
    (70) unary_expression -> . MINUS unary_expression
    (71) unary_expression -> . NOT unary_expression
    (72) unary_expression -> . INCREMENT unary_expression
    (73) unary_expression -> . DECREMENT unary_expression
    (60) postfix_expression -> . primary_expression
    (61) postfix_expression -> . postfix_expression LPAREN argument_expression_list_opt RPAREN
    (62) postfix_expression -> . postfix_expression INCREMENT
    (63) postfix_expression -> . postfix_expression DECREMENT
    (74) primary_expression -> . ID
    (75) primary_expression -> . constant
    (76) primary_expression -> . LPAREN expression RPAREN
    (16) constant -> . NUMBER
    (17) constant -> . FLOATNUM
    (18) constant -> . CHAR_CONST
    (19) constant -> . STRING

    PLUS            shift and go to state 65
    MINUS           shift and go to state 66
    NOT             shift and go to state 69
    INCREMENT       shift and go to state 70
    DECREMENT       shift and go to state 71
    ID              shift and go to state 100
    LPAREN          shift and go to state 51
    NUMBER          shift and go to state 25
    FLOATNUM        shift and go to state 26
    CHAR_CONST      shift and go to state 27
    STRING          shift and go to state 28

    unary_expression               shift and go to state 125
    postfix_expression             shift and go to state 68
    primary_expression             shift and go to state 72
    constant                       shift and go to state 73

state 97

    (58) multiplicative_expression -> multiplicative_expression DIV . unary_expression
    (68) unary_expression -> . postfix_expression
    (69) unary_expression -> . PLUS unary_expression
    (70) unary_expression -> . MINUS unary_expression
    (71) unary_expression -> . NOT unary_expression
    (72) unary_expression -> . INCREMENT unary_expression
    (73) unary_expression -> . DECREMENT unary_expression
    (60) postfix_expression -> . primary_expression
    (61) postfix_expression -> . postfix_expression LPAREN argument_expression_list_opt RPAREN
    (62) postfix_expression -> . postfix_expression INCREMENT
    (63) postfix_expression -> . postfix_expression DECREMENT
    (74) primary_expression -> . ID
    (75) primary_expression -> . constant
    (76) primary_expression -> . LPAREN expression RPAREN
    (16) constant -> . NUMBER
    (17) constant -> . FLOATNUM
    (18) constant -> . CHAR_CONST
    (19) constant -> . STRING

    PLUS            shift and go to state 65
    MINUS           shift and go to state 66
    NOT             shift and go to state 69
    INCREMENT       shift and go to state 70
    DECREMENT       shift and go to state 71
    ID              shift and go to state 100
    LPAREN          shift and go to state 51
    NUMBER          shift and go to state 25
    FLOATNUM        shift and go to state 26
    CHAR_CONST      shift and go to state 27
    STRING          shift and go to state 28

    unary_expression               shift and go to state 126
    postfix_expression             shift and go to state 68
    primary_expression             shift and go to state 72
    constant                       shift and go to state 73

state 98

    (59) multiplicative_expression -> multiplicative_expression MOD . unary_expression
    (68) unary_expression -> . postfix_expression
    (69) unary_expression -> . PLUS unary_expression
    (70) unary_expression -> . MINUS unary_expression
    (71) unary_expression -> . NOT unary_expression
    (72) unary_expression -> . INCREMENT unary_expression
    (73) unary_expression -> . DECREMENT unary_expression
    (60) postfix_expression -> . primary_expression
    (61) postfix_expression -> . postfix_expression LPAREN argument_expression_list_opt RPAREN
    (62) postfix_expression -> . postfix_expression INCREMENT
    (63) postfix_expression -> . postfix_expression DECREMENT
    (74) primary_expression -> . ID
    (75) primary_expression -> . constant
    (76) primary_expression -> . LPAREN expression RPAREN
    (16) constant -> . NUMBER
    (17) constant -> . FLOATNUM
    (18) constant -> . CHAR_CONST
    (19) constant -> . STRING

    PLUS            shift and go to state 65
    MINUS           shift and go to state 66
    NOT             shift and go to state 69
    INCREMENT       shift and go to state 70
    DECREMENT       shift and go to state 71
    ID              shift and go to state 100
    LPAREN          shift and go to state 51
    NUMBER          shift and go to state 25
    FLOATNUM        shift and go to state 26
    CHAR_CONST      shift and go to state 27
    STRING          shift and go to state 28

    unary_expression               shift and go to state 127
    postfix_expression             shift and go to state 68
    primary_expression             shift and go to state 72
    constant                       shift and go to state 73

state 99

    (69) unary_expression -> PLUS unary_expression .

    MULT            reduce using rule 69 (unary_expression -> PLUS unary_expression .)
    DIV             reduce using rule 69 (unary_expression -> PLUS unary_expression .)
    MOD             reduce using rule 69 (unary_expression -> PLUS unary_expression .)
    PLUS            reduce using rule 69 (unary_expression -> PLUS unary_expression .)
    MINUS           reduce using rule 69 (unary_expression -> PLUS unary_expression .)
    LT              reduce using rule 69 (unary_expression -> PLUS unary_expression .)
    LE              reduce using rule 69 (unary_expression -> PLUS unary_expression .)
    GT              reduce using rule 69 (unary_expression -> PLUS unary_expression .)
    GE              reduce using rule 69 (unary_expression -> PLUS unary_expression .)
    EQ              reduce using rule 69 (unary_expression -> PLUS unary_expression .)
    NEQ             reduce using rule 69 (unary_expression -> PLUS unary_expression .)
    AND             reduce using rule 69 (unary_expression -> PLUS unary_expression .)
    OR              reduce using rule 69 (unary_expression -> PLUS unary_expression .)
    SEMI            reduce using rule 69 (unary_expression -> PLUS unary_expression .)
    COMMA           reduce using rule 69 (unary_expression -> PLUS unary_expression .)
    RPAREN          reduce using rule 69 (unary_expression -> PLUS unary_expression .)


state 100

    (74) primary_expression -> ID .

    LPAREN          reduce using rule 74 (primary_expression -> ID .)
    INCREMENT       reduce using rule 74 (primary_expression -> ID .)
    DECREMENT       reduce using rule 74 (primary_expression -> ID .)
    MULT            reduce using rule 74 (primary_expression -> ID .)
    DIV             reduce using rule 74 (primary_expression -> ID .)
    MOD             reduce using rule 74 (primary_expression -> ID .)
    PLUS            reduce using rule 74 (primary_expression -> ID .)
    MINUS           reduce using rule 74 (primary_expression -> ID .)
    LT              reduce using rule 74 (primary_expression -> ID .)
    LE              reduce using rule 74 (primary_expression -> ID .)
    GT              reduce using rule 74 (primary_expression -> ID .)
    GE              reduce using rule 74 (primary_expression -> ID .)
    EQ              reduce using rule 74 (primary_expression -> ID .)
    NEQ             reduce using rule 74 (primary_expression -> ID .)
    AND             reduce using rule 74 (primary_expression -> ID .)
    OR              reduce using rule 74 (primary_expression -> ID .)
    SEMI            reduce using rule 74 (primary_expression -> ID .)
    COMMA           reduce using rule 74 (primary_expression -> ID .)
    RPAREN          reduce using rule 74 (primary_expression -> ID .)


state 101

    (70) unary_expression -> MINUS unary_expression .

    MULT            reduce using rule 70 (unary_expression -> MINUS unary_expression .)
    DIV             reduce using rule 70 (unary_expression -> MINUS unary_expression .)
    MOD             reduce using rule 70 (unary_expression -> MINUS unary_expression .)
    PLUS            reduce using rule 70 (unary_expression -> MINUS unary_expression .)
    MINUS           reduce using rule 70 (unary_expression -> MINUS unary_expression .)
    LT              reduce using rule 70 (unary_expression -> MINUS unary_expression .)
    LE              reduce using rule 70 (unary_expression -> MINUS unary_expression .)
    GT              reduce using rule 70 (unary_expression -> MINUS unary_expression .)
    GE              reduce using rule 70 (unary_expression -> MINUS unary_expression .)
    EQ              reduce using rule 70 (unary_expression -> MINUS unary_expression .)
    NEQ             reduce using rule 70 (unary_expression -> MINUS unary_expression .)
    AND             reduce using rule 70 (unary_expression -> MINUS unary_expression .)
    OR              reduce using rule 70 (unary_expression -> MINUS unary_expression .)
    SEMI            reduce using rule 70 (unary_expression -> MINUS unary_expression .)
    COMMA           reduce using rule 70 (unary_expression -> MINUS unary_expression .)
    RPAREN          reduce using rule 70 (unary_expression -> MINUS unary_expression .)


state 102

    (61) postfix_expression -> postfix_expression LPAREN . argument_expression_list_opt RPAREN
    (64) argument_expression_list_opt -> . argument_expression_list
    (65) argument_expression_list_opt -> . empty
    (66) argument_expression_list -> . assignment_expression
    (67) argument_expression_list -> . argument_expression_list COMMA assignment_expression
    (84) empty -> .
    (39) assignment_expression -> . ID ASSIGN assignment_expression
    (40) assignment_expression -> . logical_or_expression
    (41) logical_or_expression -> . logical_and_expression
    (42) logical_or_expression -> . logical_or_expression OR logical_and_expression
    (43) logical_and_expression -> . equality_expression
    (44) logical_and_expression -> . logical_and_expression AND equality_expression
    (45) equality_expression -> . relational_expression
    (46) equality_expression -> . equality_expression EQ relational_expression
    (47) equality_expression -> . equality_expression NEQ relational_expression
    (48) relational_expression -> . additive_expression
    (49) relational_expression -> . relational_expression LT additive_expression
    (50) relational_expression -> . relational_expression LE additive_expression
    (51) relational_expression -> . relational_expression GT additive_expression
    (52) relational_expression -> . relational_expression GE additive_expression
    (53) additive_expression -> . multiplicative_expression
    (54) additive_expression -> . additive_expression PLUS multiplicative_expression
    (55) additive_expression -> . additive_expression MINUS multiplicative_expression
    (56) multiplicative_expression -> . unary_expression
    (57) multiplicative_expression -> . multiplicative_expression MULT unary_expression
    (58) multiplicative_expression -> . multiplicative_expression DIV unary_expression
    (59) multiplicative_expression -> . multiplicative_expression MOD unary_expression
    (68) unary_expression -> . postfix_expression
    (69) unary_expression -> . PLUS unary_expression
    (70) unary_expression -> . MINUS unary_expression
    (71) unary_expression -> . NOT unary_expression
    (72) unary_expression -> . INCREMENT unary_expression
    (73) unary_expression -> . DECREMENT unary_expression
    (60) postfix_expression -> . primary_expression
    (61) postfix_expression -> . postfix_expression LPAREN argument_expression_list_opt RPAREN
    (62) postfix_expression -> . postfix_expression INCREMENT
    (63) postfix_expression -> . postfix_expression DECREMENT
    (74) primary_expression -> . ID
    (75) primary_expression -> . constant
    (76) primary_expression -> . LPAREN expression RPAREN
    (16) constant -> . NUMBER
    (17) constant -> . FLOATNUM
    (18) constant -> . CHAR_CONST
    (19) constant -> . STRING

    RPAREN          reduce using rule 84 (empty -> .)
    ID              shift and go to state 58
    PLUS            shift and go to state 65
    MINUS           shift and go to state 66
    NOT             shift and go to state 69
    INCREMENT       shift and go to state 70
    DECREMENT       shift and go to state 71
    LPAREN          shift and go to state 51
    NUMBER          shift and go to state 25
    FLOATNUM        shift and go to state 26
    CHAR_CONST      shift and go to state 27
    STRING          shift and go to state 28

    postfix_expression             shift and go to state 68
    argument_expression_list_opt   shift and go to state 128
    argument_expression_list       shift and go to state 129
    empty                          shift and go to state 130
    assignment_expression          shift and go to state 131
    logical_or_expression          shift and go to state 59
    logical_and_expression         shift and go to state 60
    equality_expression            shift and go to state 61
    relational_expression          shift and go to state 62
    additive_expression            shift and go to state 63
    multiplicative_expression      shift and go to state 64
    unary_expression               shift and go to state 67
    primary_expression             shift and go to state 72
    constant                       shift and go to state 73

state 103

    (62) postfix_expression -> postfix_expression INCREMENT .

    LPAREN          reduce using rule 62 (postfix_expression -> postfix_expression INCREMENT .)
    INCREMENT       reduce using rule 62 (postfix_expression -> postfix_expression INCREMENT .)
    DECREMENT       reduce using rule 62 (postfix_expression -> postfix_expression INCREMENT .)
    MULT            reduce using rule 62 (postfix_expression -> postfix_expression INCREMENT .)
    DIV             reduce using rule 62 (postfix_expression -> postfix_expression INCREMENT .)
    MOD             reduce using rule 62 (postfix_expression -> postfix_expression INCREMENT .)
    PLUS            reduce using rule 62 (postfix_expression -> postfix_expression INCREMENT .)
    MINUS           reduce using rule 62 (postfix_expression -> postfix_expression INCREMENT .)
    LT              reduce using rule 62 (postfix_expression -> postfix_expression INCREMENT .)
    LE              reduce using rule 62 (postfix_expression -> postfix_expression INCREMENT .)
    GT              reduce using rule 62 (postfix_expression -> postfix_expression INCREMENT .)
    GE              reduce using rule 62 (postfix_expression -> postfix_expression INCREMENT .)
    EQ              reduce using rule 62 (postfix_expression -> postfix_expression INCREMENT .)
    NEQ             reduce using rule 62 (postfix_expression -> postfix_expression INCREMENT .)
    AND             reduce using rule 62 (postfix_expression -> postfix_expression INCREMENT .)
    OR              reduce using rule 62 (postfix_expression -> postfix_expression INCREMENT .)
    SEMI            reduce using rule 62 (postfix_expression -> postfix_expression INCREMENT .)
    COMMA           reduce using rule 62 (postfix_expression -> postfix_expression INCREMENT .)
    RPAREN          reduce using rule 62 (postfix_expression -> postfix_expression INCREMENT .)


state 104

    (63) postfix_expression -> postfix_expression DECREMENT .

    LPAREN          reduce using rule 63 (postfix_expression -> postfix_expression DECREMENT .)
    INCREMENT       reduce using rule 63 (postfix_expression -> postfix_expression DECREMENT .)
    DECREMENT       reduce using rule 63 (postfix_expression -> postfix_expression DECREMENT .)
    MULT            reduce using rule 63 (postfix_expression -> postfix_expression DECREMENT .)
    DIV             reduce using rule 63 (postfix_expression -> postfix_expression DECREMENT .)
    MOD             reduce using rule 63 (postfix_expression -> postfix_expression DECREMENT .)
    PLUS            reduce using rule 63 (postfix_expression -> postfix_expression DECREMENT .)
    MINUS           reduce using rule 63 (postfix_expression -> postfix_expression DECREMENT .)
    LT              reduce using rule 63 (postfix_expression -> postfix_expression DECREMENT .)
    LE              reduce using rule 63 (postfix_expression -> postfix_expression DECREMENT .)
    GT              reduce using rule 63 (postfix_expression -> postfix_expression DECREMENT .)
    GE              reduce using rule 63 (postfix_expression -> postfix_expression DECREMENT .)
    EQ              reduce using rule 63 (postfix_expression -> postfix_expression DECREMENT .)
    NEQ             reduce using rule 63 (postfix_expression -> postfix_expression DECREMENT .)
    AND             reduce using rule 63 (postfix_expression -> postfix_expression DECREMENT .)
    OR              reduce using rule 63 (postfix_expression -> postfix_expression DECREMENT .)
    SEMI            reduce using rule 63 (postfix_expression -> postfix_expression DECREMENT .)
    COMMA           reduce using rule 63 (postfix_expression -> postfix_expression DECREMENT .)
    RPAREN          reduce using rule 63 (postfix_expression -> postfix_expression DECREMENT .)


state 105

    (71) unary_expression -> NOT unary_expression .

    MULT            reduce using rule 71 (unary_expression -> NOT unary_expression .)
    DIV             reduce using rule 71 (unary_expression -> NOT unary_expression .)
    MOD             reduce using rule 71 (unary_expression -> NOT unary_expression .)
    PLUS            reduce using rule 71 (unary_expression -> NOT unary_expression .)
    MINUS           reduce using rule 71 (unary_expression -> NOT unary_expression .)
    LT              reduce using rule 71 (unary_expression -> NOT unary_expression .)
    LE              reduce using rule 71 (unary_expression -> NOT unary_expression .)
    GT              reduce using rule 71 (unary_expression -> NOT unary_expression .)
    GE              reduce using rule 71 (unary_expression -> NOT unary_expression .)
    EQ              reduce using rule 71 (unary_expression -> NOT unary_expression .)
    NEQ             reduce using rule 71 (unary_expression -> NOT unary_expression .)
    AND             reduce using rule 71 (unary_expression -> NOT unary_expression .)
    OR              reduce using rule 71 (unary_expression -> NOT unary_expression .)
    SEMI            reduce using rule 71 (unary_expression -> NOT unary_expression .)
    COMMA           reduce using rule 71 (unary_expression -> NOT unary_expression .)
    RPAREN          reduce using rule 71 (unary_expression -> NOT unary_expression .)


state 106

    (72) unary_expression -> INCREMENT unary_expression .

    MULT            reduce using rule 72 (unary_expression -> INCREMENT unary_expression .)
    DIV             reduce using rule 72 (unary_expression -> INCREMENT unary_expression .)
    MOD             reduce using rule 72 (unary_expression -> INCREMENT unary_expression .)
    PLUS            reduce using rule 72 (unary_expression -> INCREMENT unary_expression .)
    MINUS           reduce using rule 72 (unary_expression -> INCREMENT unary_expression .)
    LT              reduce using rule 72 (unary_expression -> INCREMENT unary_expression .)
    LE              reduce using rule 72 (unary_expression -> INCREMENT unary_expression .)
    GT              reduce using rule 72 (unary_expression -> INCREMENT unary_expression .)
    GE              reduce using rule 72 (unary_expression -> INCREMENT unary_expression .)
    EQ              reduce using rule 72 (unary_expression -> INCREMENT unary_expression .)
    NEQ             reduce using rule 72 (unary_expression -> INCREMENT unary_expression .)
    AND             reduce using rule 72 (unary_expression -> INCREMENT unary_expression .)
    OR              reduce using rule 72 (unary_expression -> INCREMENT unary_expression .)
    SEMI            reduce using rule 72 (unary_expression -> INCREMENT unary_expression .)
    COMMA           reduce using rule 72 (unary_expression -> INCREMENT unary_expression .)
    RPAREN          reduce using rule 72 (unary_expression -> INCREMENT unary_expression .)


state 107

    (73) unary_expression -> DECREMENT unary_expression .

    MULT            reduce using rule 73 (unary_expression -> DECREMENT unary_expression .)
    DIV             reduce using rule 73 (unary_expression -> DECREMENT unary_expression .)
    MOD             reduce using rule 73 (unary_expression -> DECREMENT unary_expression .)
    PLUS            reduce using rule 73 (unary_expression -> DECREMENT unary_expression .)
    MINUS           reduce using rule 73 (unary_expression -> DECREMENT unary_expression .)
    LT              reduce using rule 73 (unary_expression -> DECREMENT unary_expression .)
    LE              reduce using rule 73 (unary_expression -> DECREMENT unary_expression .)
    GT              reduce using rule 73 (unary_expression -> DECREMENT unary_expression .)
    GE              reduce using rule 73 (unary_expression -> DECREMENT unary_expression .)
    EQ              reduce using rule 73 (unary_expression -> DECREMENT unary_expression .)
    NEQ             reduce using rule 73 (unary_expression -> DECREMENT unary_expression .)
    AND             reduce using rule 73 (unary_expression -> DECREMENT unary_expression .)
    OR              reduce using rule 73 (unary_expression -> DECREMENT unary_expression .)
    SEMI            reduce using rule 73 (unary_expression -> DECREMENT unary_expression .)
    COMMA           reduce using rule 73 (unary_expression -> DECREMENT unary_expression .)
    RPAREN          reduce using rule 73 (unary_expression -> DECREMENT unary_expression .)


state 108

    (38) expression -> expression COMMA assignment_expression .

    SEMI            reduce using rule 38 (expression -> expression COMMA assignment_expression .)
    COMMA           reduce using rule 38 (expression -> expression COMMA assignment_expression .)
    RPAREN          reduce using rule 38 (expression -> expression COMMA assignment_expression .)


state 109

    (77) selection_statement -> IF LPAREN expression . RPAREN statement
    (78) selection_statement -> IF LPAREN expression . RPAREN statement ELSE statement
    (38) expression -> expression . COMMA assignment_expression

    RPAREN          shift and go to state 132
    COMMA           shift and go to state 77


state 110

    (76) primary_expression -> LPAREN expression RPAREN .

    LPAREN          reduce using rule 76 (primary_expression -> LPAREN expression RPAREN .)
    INCREMENT       reduce using rule 76 (primary_expression -> LPAREN expression RPAREN .)
    DECREMENT       reduce using rule 76 (primary_expression -> LPAREN expression RPAREN .)
    MULT            reduce using rule 76 (primary_expression -> LPAREN expression RPAREN .)
    DIV             reduce using rule 76 (primary_expression -> LPAREN expression RPAREN .)
    MOD             reduce using rule 76 (primary_expression -> LPAREN expression RPAREN .)
    PLUS            reduce using rule 76 (primary_expression -> LPAREN expression RPAREN .)
    MINUS           reduce using rule 76 (primary_expression -> LPAREN expression RPAREN .)
    LT              reduce using rule 76 (primary_expression -> LPAREN expression RPAREN .)
    LE              reduce using rule 76 (primary_expression -> LPAREN expression RPAREN .)
    GT              reduce using rule 76 (primary_expression -> LPAREN expression RPAREN .)
    GE              reduce using rule 76 (primary_expression -> LPAREN expression RPAREN .)
    EQ              reduce using rule 76 (primary_expression -> LPAREN expression RPAREN .)
    NEQ             reduce using rule 76 (primary_expression -> LPAREN expression RPAREN .)
    AND             reduce using rule 76 (primary_expression -> LPAREN expression RPAREN .)
    OR              reduce using rule 76 (primary_expression -> LPAREN expression RPAREN .)
    SEMI            reduce using rule 76 (primary_expression -> LPAREN expression RPAREN .)
    COMMA           reduce using rule 76 (primary_expression -> LPAREN expression RPAREN .)
    RPAREN          reduce using rule 76 (primary_expression -> LPAREN expression RPAREN .)


state 111

    (79) iteration_statement -> WHILE LPAREN expression . RPAREN statement
    (38) expression -> expression . COMMA assignment_expression

    RPAREN          shift and go to state 133
    COMMA           shift and go to state 77


state 112

    (80) iteration_statement -> FOR LPAREN expression_statement . expression_statement expression RPAREN statement
    (35) expression_statement -> . expression SEMI
    (36) expression_statement -> . SEMI
    (37) expression -> . assignment_expression
    (38) expression -> . expression COMMA assignment_expression
    (39) assignment_expression -> . ID ASSIGN assignment_expression
    (40) assignment_expression -> . logical_or_expression
    (41) logical_or_expression -> . logical_and_expression
    (42) logical_or_expression -> . logical_or_expression OR logical_and_expression
    (43) logical_and_expression -> . equality_expression
    (44) logical_and_expression -> . logical_and_expression AND equality_expression
    (45) equality_expression -> . relational_expression
    (46) equality_expression -> . equality_expression EQ relational_expression
    (47) equality_expression -> . equality_expression NEQ relational_expression
    (48) relational_expression -> . additive_expression
    (49) relational_expression -> . relational_expression LT additive_expression
    (50) relational_expression -> . relational_expression LE additive_expression
    (51) relational_expression -> . relational_expression GT additive_expression
    (52) relational_expression -> . relational_expression GE additive_expression
    (53) additive_expression -> . multiplicative_expression
    (54) additive_expression -> . additive_expression PLUS multiplicative_expression
    (55) additive_expression -> . additive_expression MINUS multiplicative_expression
    (56) multiplicative_expression -> . unary_expression
    (57) multiplicative_expression -> . multiplicative_expression MULT unary_expression
    (58) multiplicative_expression -> . multiplicative_expression DIV unary_expression
    (59) multiplicative_expression -> . multiplicative_expression MOD unary_expression
    (68) unary_expression -> . postfix_expression
    (69) unary_expression -> . PLUS unary_expression
    (70) unary_expression -> . MINUS unary_expression
    (71) unary_expression -> . NOT unary_expression
    (72) unary_expression -> . INCREMENT unary_expression
    (73) unary_expression -> . DECREMENT unary_expression
    (60) postfix_expression -> . primary_expression
    (61) postfix_expression -> . postfix_expression LPAREN argument_expression_list_opt RPAREN
    (62) postfix_expression -> . postfix_expression INCREMENT
    (63) postfix_expression -> . postfix_expression DECREMENT
    (74) primary_expression -> . ID
    (75) primary_expression -> . constant
    (76) primary_expression -> . LPAREN expression RPAREN
    (16) constant -> . NUMBER
    (17) constant -> . FLOATNUM
    (18) constant -> . CHAR_CONST
    (19) constant -> . STRING

    SEMI            shift and go to state 48
    ID              shift and go to state 58
    PLUS            shift and go to state 65
    MINUS           shift and go to state 66
    NOT             shift and go to state 69
    INCREMENT       shift and go to state 70
    DECREMENT       shift and go to state 71
    LPAREN          shift and go to state 51
    NUMBER          shift and go to state 25
    FLOATNUM        shift and go to state 26
    CHAR_CONST      shift and go to state 27
    STRING          shift and go to state 28

    expression_statement           shift and go to state 134
    expression                     shift and go to state 49
    assignment_expression          shift and go to state 57
    logical_or_expression          shift and go to state 59
    logical_and_expression         shift and go to state 60
    equality_expression            shift and go to state 61
    relational_expression          shift and go to state 62
    additive_expression            shift and go to state 63
    multiplicative_expression      shift and go to state 64
    unary_expression               shift and go to state 67
    postfix_expression             shift and go to state 68
    primary_expression             shift and go to state 72
    constant                       shift and go to state 73

state 113

    (81) jump_statement -> RETURN expression SEMI .

    RBRACE          reduce using rule 81 (jump_statement -> RETURN expression SEMI .)
    SEMI            reduce using rule 81 (jump_statement -> RETURN expression SEMI .)
    IF              reduce using rule 81 (jump_statement -> RETURN expression SEMI .)
    WHILE           reduce using rule 81 (jump_statement -> RETURN expression SEMI .)
    FOR             reduce using rule 81 (jump_statement -> RETURN expression SEMI .)
    RETURN          reduce using rule 81 (jump_statement -> RETURN expression SEMI .)
    BREAK           reduce using rule 81 (jump_statement -> RETURN expression SEMI .)
    CONTINUE        reduce using rule 81 (jump_statement -> RETURN expression SEMI .)
    LBRACE          reduce using rule 81 (jump_statement -> RETURN expression SEMI .)
    INT             reduce using rule 81 (jump_statement -> RETURN expression SEMI .)
    FLOAT           reduce using rule 81 (jump_statement -> RETURN expression SEMI .)
    DOUBLE          reduce using rule 81 (jump_statement -> RETURN expression SEMI .)
    CHAR            reduce using rule 81 (jump_statement -> RETURN expression SEMI .)
    VOID            reduce using rule 81 (jump_statement -> RETURN expression SEMI .)
    ID              reduce using rule 81 (jump_statement -> RETURN expression SEMI .)
    PLUS            reduce using rule 81 (jump_statement -> RETURN expression SEMI .)
    MINUS           reduce using rule 81 (jump_statement -> RETURN expression SEMI .)
    NOT             reduce using rule 81 (jump_statement -> RETURN expression SEMI .)
    INCREMENT       reduce using rule 81 (jump_statement -> RETURN expression SEMI .)
    DECREMENT       reduce using rule 81 (jump_statement -> RETURN expression SEMI .)
    LPAREN          reduce using rule 81 (jump_statement -> RETURN expression SEMI .)
    NUMBER          reduce using rule 81 (jump_statement -> RETURN expression SEMI .)
    FLOATNUM        reduce using rule 81 (jump_statement -> RETURN expression SEMI .)
    CHAR_CONST      reduce using rule 81 (jump_statement -> RETURN expression SEMI .)
    STRING          reduce using rule 81 (jump_statement -> RETURN expression SEMI .)
    ELSE            reduce using rule 81 (jump_statement -> RETURN expression SEMI .)


state 114

    (39) assignment_expression -> ID ASSIGN assignment_expression .

    SEMI            reduce using rule 39 (assignment_expression -> ID ASSIGN assignment_expression .)
    COMMA           reduce using rule 39 (assignment_expression -> ID ASSIGN assignment_expression .)
    RPAREN          reduce using rule 39 (assignment_expression -> ID ASSIGN assignment_expression .)


state 115

    (42) logical_or_expression -> logical_or_expression OR logical_and_expression .
    (44) logical_and_expression -> logical_and_expression . AND equality_expression

    OR              reduce using rule 42 (logical_or_expression -> logical_or_expression OR logical_and_expression .)
    SEMI            reduce using rule 42 (logical_or_expression -> logical_or_expression OR logical_and_expression .)
    COMMA           reduce using rule 42 (logical_or_expression -> logical_or_expression OR logical_and_expression .)
    RPAREN          reduce using rule 42 (logical_or_expression -> logical_or_expression OR logical_and_expression .)
    AND             shift and go to state 87


state 116

    (44) logical_and_expression -> logical_and_expression AND equality_expression .
    (46) equality_expression -> equality_expression . EQ relational_expression
    (47) equality_expression -> equality_expression . NEQ relational_expression

    AND             reduce using rule 44 (logical_and_expression -> logical_and_expression AND equality_expression .)
    OR              reduce using rule 44 (logical_and_expression -> logical_and_expression AND equality_expression .)
    SEMI            reduce using rule 44 (logical_and_expression -> logical_and_expression AND equality_expression .)
    COMMA           reduce using rule 44 (logical_and_expression -> logical_and_expression AND equality_expression .)
    RPAREN          reduce using rule 44 (logical_and_expression -> logical_and_expression AND equality_expression .)
    EQ              shift and go to state 88
    NEQ             shift and go to state 89


state 117

    (46) equality_expression -> equality_expression EQ relational_expression .
    (49) relational_expression -> relational_expression . LT additive_expression
    (50) relational_expression -> relational_expression . LE additive_expression
    (51) relational_expression -> relational_expression . GT additive_expression
    (52) relational_expression -> relational_expression . GE additive_expression

    EQ              reduce using rule 46 (equality_expression -> equality_expression EQ relational_expression .)
    NEQ             reduce using rule 46 (equality_expression -> equality_expression EQ relational_expression .)
    AND             reduce using rule 46 (equality_expression -> equality_expression EQ relational_expression .)
    OR              reduce using rule 46 (equality_expression -> equality_expression EQ relational_expression .)
    SEMI            reduce using rule 46 (equality_expression -> equality_expression EQ relational_expression .)
    COMMA           reduce using rule 46 (equality_expression -> equality_expression EQ relational_expression .)
    RPAREN          reduce using rule 46 (equality_expression -> equality_expression EQ relational_expression .)
    LT              shift and go to state 90
    LE              shift and go to state 91
    GT              shift and go to state 92
    GE              shift and go to state 93


state 118

    (47) equality_expression -> equality_expression NEQ relational_expression .
    (49) relational_expression -> relational_expression . LT additive_expression
    (50) relational_expression -> relational_expression . LE additive_expression
    (51) relational_expression -> relational_expression . GT additive_expression
    (52) relational_expression -> relational_expression . GE additive_expression

    EQ              reduce using rule 47 (equality_expression -> equality_expression NEQ relational_expression .)
    NEQ             reduce using rule 47 (equality_expression -> equality_expression NEQ relational_expression .)
    AND             reduce using rule 47 (equality_expression -> equality_expression NEQ relational_expression .)
    OR              reduce using rule 47 (equality_expression -> equality_expression NEQ relational_expression .)
    SEMI            reduce using rule 47 (equality_expression -> equality_expression NEQ relational_expression .)
    COMMA           reduce using rule 47 (equality_expression -> equality_expression NEQ relational_expression .)
    RPAREN          reduce using rule 47 (equality_expression -> equality_expression NEQ relational_expression .)
    LT              shift and go to state 90
    LE              shift and go to state 91
    GT              shift and go to state 92
    GE              shift and go to state 93


state 119

    (49) relational_expression -> relational_expression LT additive_expression .
    (54) additive_expression -> additive_expression . PLUS multiplicative_expression
    (55) additive_expression -> additive_expression . MINUS multiplicative_expression

    LT              reduce using rule 49 (relational_expression -> relational_expression LT additive_expression .)
    LE              reduce using rule 49 (relational_expression -> relational_expression LT additive_expression .)
    GT              reduce using rule 49 (relational_expression -> relational_expression LT additive_expression .)
    GE              reduce using rule 49 (relational_expression -> relational_expression LT additive_expression .)
    EQ              reduce using rule 49 (relational_expression -> relational_expression LT additive_expression .)
    NEQ             reduce using rule 49 (relational_expression -> relational_expression LT additive_expression .)
    AND             reduce using rule 49 (relational_expression -> relational_expression LT additive_expression .)
    OR              reduce using rule 49 (relational_expression -> relational_expression LT additive_expression .)
    SEMI            reduce using rule 49 (relational_expression -> relational_expression LT additive_expression .)
    COMMA           reduce using rule 49 (relational_expression -> relational_expression LT additive_expression .)
    RPAREN          reduce using rule 49 (relational_expression -> relational_expression LT additive_expression .)
    PLUS            shift and go to state 94
    MINUS           shift and go to state 95


state 120

    (50) relational_expression -> relational_expression LE additive_expression .
    (54) additive_expression -> additive_expression . PLUS multiplicative_expression
    (55) additive_expression -> additive_expression . MINUS multiplicative_expression

    LT              reduce using rule 50 (relational_expression -> relational_expression LE additive_expression .)
    LE              reduce using rule 50 (relational_expression -> relational_expression LE additive_expression .)
    GT              reduce using rule 50 (relational_expression -> relational_expression LE additive_expression .)
    GE              reduce using rule 50 (relational_expression -> relational_expression LE additive_expression .)
    EQ              reduce using rule 50 (relational_expression -> relational_expression LE additive_expression .)
    NEQ             reduce using rule 50 (relational_expression -> relational_expression LE additive_expression .)
    AND             reduce using rule 50 (relational_expression -> relational_expression LE additive_expression .)
    OR              reduce using rule 50 (relational_expression -> relational_expression LE additive_expression .)
    SEMI            reduce using rule 50 (relational_expression -> relational_expression LE additive_expression .)
    COMMA           reduce using rule 50 (relational_expression -> relational_expression LE additive_expression .)
    RPAREN          reduce using rule 50 (relational_expression -> relational_expression LE additive_expression .)
    PLUS            shift and go to state 94
    MINUS           shift and go to state 95


state 121

    (51) relational_expression -> relational_expression GT additive_expression .
    (54) additive_expression -> additive_expression . PLUS multiplicative_expression
    (55) additive_expression -> additive_expression . MINUS multiplicative_expression

    LT              reduce using rule 51 (relational_expression -> relational_expression GT additive_expression .)
    LE              reduce using rule 51 (relational_expression -> relational_expression GT additive_expression .)
    GT              reduce using rule 51 (relational_expression -> relational_expression GT additive_expression .)
    GE              reduce using rule 51 (relational_expression -> relational_expression GT additive_expression .)
    EQ              reduce using rule 51 (relational_expression -> relational_expression GT additive_expression .)
    NEQ             reduce using rule 51 (relational_expression -> relational_expression GT additive_expression .)
    AND             reduce using rule 51 (relational_expression -> relational_expression GT additive_expression .)
    OR              reduce using rule 51 (relational_expression -> relational_expression GT additive_expression .)
    SEMI            reduce using rule 51 (relational_expression -> relational_expression GT additive_expression .)
    COMMA           reduce using rule 51 (relational_expression -> relational_expression GT additive_expression .)
    RPAREN          reduce using rule 51 (relational_expression -> relational_expression GT additive_expression .)
    PLUS            shift and go to state 94
    MINUS           shift and go to state 95


state 122

    (52) relational_expression -> relational_expression GE additive_expression .
    (54) additive_expression -> additive_expression . PLUS multiplicative_expression
    (55) additive_expression -> additive_expression . MINUS multiplicative_expression

    LT              reduce using rule 52 (relational_expression -> relational_expression GE additive_expression .)
    LE              reduce using rule 52 (relational_expression -> relational_expression GE additive_expression .)
    GT              reduce using rule 52 (relational_expression -> relational_expression GE additive_expression .)
    GE              reduce using rule 52 (relational_expression -> relational_expression GE additive_expression .)
    EQ              reduce using rule 52 (relational_expression -> relational_expression GE additive_expression .)
    NEQ             reduce using rule 52 (relational_expression -> relational_expression GE additive_expression .)
    AND             reduce using rule 52 (relational_expression -> relational_expression GE additive_expression .)
    OR              reduce using rule 52 (relational_expression -> relational_expression GE additive_expression .)
    SEMI            reduce using rule 52 (relational_expression -> relational_expression GE additive_expression .)
    COMMA           reduce using rule 52 (relational_expression -> relational_expression GE additive_expression .)
    RPAREN          reduce using rule 52 (relational_expression -> relational_expression GE additive_expression .)
    PLUS            shift and go to state 94
    MINUS           shift and go to state 95


state 123

    (54) additive_expression -> additive_expression PLUS multiplicative_expression .
    (57) multiplicative_expression -> multiplicative_expression . MULT unary_expression
    (58) multiplicative_expression -> multiplicative_expression . DIV unary_expression
    (59) multiplicative_expression -> multiplicative_expression . MOD unary_expression

    PLUS            reduce using rule 54 (additive_expression -> additive_expression PLUS multiplicative_expression .)
    MINUS           reduce using rule 54 (additive_expression -> additive_expression PLUS multiplicative_expression .)
    LT              reduce using rule 54 (additive_expression -> additive_expression PLUS multiplicative_expression .)
    LE              reduce using rule 54 (additive_expression -> additive_expression PLUS multiplicative_expression .)
    GT              reduce using rule 54 (additive_expression -> additive_expression PLUS multiplicative_expression .)
    GE              reduce using rule 54 (additive_expression -> additive_expression PLUS multiplicative_expression .)
    EQ              reduce using rule 54 (additive_expression -> additive_expression PLUS multiplicative_expression .)
    NEQ             reduce using rule 54 (additive_expression -> additive_expression PLUS multiplicative_expression .)
    AND             reduce using rule 54 (additive_expression -> additive_expression PLUS multiplicative_expression .)
    OR              reduce using rule 54 (additive_expression -> additive_expression PLUS multiplicative_expression .)
    SEMI            reduce using rule 54 (additive_expression -> additive_expression PLUS multiplicative_expression .)
    COMMA           reduce using rule 54 (additive_expression -> additive_expression PLUS multiplicative_expression .)
    RPAREN          reduce using rule 54 (additive_expression -> additive_expression PLUS multiplicative_expression .)
    MULT            shift and go to state 96
    DIV             shift and go to state 97
    MOD             shift and go to state 98


state 124

    (55) additive_expression -> additive_expression MINUS multiplicative_expression .
    (57) multiplicative_expression -> multiplicative_expression . MULT unary_expression
    (58) multiplicative_expression -> multiplicative_expression . DIV unary_expression
    (59) multiplicative_expression -> multiplicative_expression . MOD unary_expression

    PLUS            reduce using rule 55 (additive_expression -> additive_expression MINUS multiplicative_expression .)
    MINUS           reduce using rule 55 (additive_expression -> additive_expression MINUS multiplicative_expression .)
    LT              reduce using rule 55 (additive_expression -> additive_expression MINUS multiplicative_expression .)
    LE              reduce using rule 55 (additive_expression -> additive_expression MINUS multiplicative_expression .)
    GT              reduce using rule 55 (additive_expression -> additive_expression MINUS multiplicative_expression .)
    GE              reduce using rule 55 (additive_expression -> additive_expression MINUS multiplicative_expression .)
    EQ              reduce using rule 55 (additive_expression -> additive_expression MINUS multiplicative_expression .)
    NEQ             reduce using rule 55 (additive_expression -> additive_expression MINUS multiplicative_expression .)
    AND             reduce using rule 55 (additive_expression -> additive_expression MINUS multiplicative_expression .)
    OR              reduce using rule 55 (additive_expression -> additive_expression MINUS multiplicative_expression .)
    SEMI            reduce using rule 55 (additive_expression -> additive_expression MINUS multiplicative_expression .)
    COMMA           reduce using rule 55 (additive_expression -> additive_expression MINUS multiplicative_expression .)
    RPAREN          reduce using rule 55 (additive_expression -> additive_expression MINUS multiplicative_expression .)
    MULT            shift and go to state 96
    DIV             shift and go to state 97
    MOD             shift and go to state 98


state 125

    (57) multiplicative_expression -> multiplicative_expression MULT unary_expression .

    MULT            reduce using rule 57 (multiplicative_expression -> multiplicative_expression MULT unary_expression .)
    DIV             reduce using rule 57 (multiplicative_expression -> multiplicative_expression MULT unary_expression .)
    MOD             reduce using rule 57 (multiplicative_expression -> multiplicative_expression MULT unary_expression .)
    PLUS            reduce using rule 57 (multiplicative_expression -> multiplicative_expression MULT unary_expression .)
    MINUS           reduce using rule 57 (multiplicative_expression -> multiplicative_expression MULT unary_expression .)
    LT              reduce using rule 57 (multiplicative_expression -> multiplicative_expression MULT unary_expression .)
    LE              reduce using rule 57 (multiplicative_expression -> multiplicative_expression MULT unary_expression .)
    GT              reduce using rule 57 (multiplicative_expression -> multiplicative_expression MULT unary_expression .)
    GE              reduce using rule 57 (multiplicative_expression -> multiplicative_expression MULT unary_expression .)
    EQ              reduce using rule 57 (multiplicative_expression -> multiplicative_expression MULT unary_expression .)
    NEQ             reduce using rule 57 (multiplicative_expression -> multiplicative_expression MULT unary_expression .)
    AND             reduce using rule 57 (multiplicative_expression -> multiplicative_expression MULT unary_expression .)
    OR              reduce using rule 57 (multiplicative_expression -> multiplicative_expression MULT unary_expression .)
    SEMI            reduce using rule 57 (multiplicative_expression -> multiplicative_expression MULT unary_expression .)
    COMMA           reduce using rule 57 (multiplicative_expression -> multiplicative_expression MULT unary_expression .)
    RPAREN          reduce using rule 57 (multiplicative_expression -> multiplicative_expression MULT unary_expression .)


state 126

    (58) multiplicative_expression -> multiplicative_expression DIV unary_expression .

    MULT            reduce using rule 58 (multiplicative_expression -> multiplicative_expression DIV unary_expression .)
    DIV             reduce using rule 58 (multiplicative_expression -> multiplicative_expression DIV unary_expression .)
    MOD             reduce using rule 58 (multiplicative_expression -> multiplicative_expression DIV unary_expression .)
    PLUS            reduce using rule 58 (multiplicative_expression -> multiplicative_expression DIV unary_expression .)
    MINUS           reduce using rule 58 (multiplicative_expression -> multiplicative_expression DIV unary_expression .)
    LT              reduce using rule 58 (multiplicative_expression -> multiplicative_expression DIV unary_expression .)
    LE              reduce using rule 58 (multiplicative_expression -> multiplicative_expression DIV unary_expression .)
    GT              reduce using rule 58 (multiplicative_expression -> multiplicative_expression DIV unary_expression .)
    GE              reduce using rule 58 (multiplicative_expression -> multiplicative_expression DIV unary_expression .)
    EQ              reduce using rule 58 (multiplicative_expression -> multiplicative_expression DIV unary_expression .)
    NEQ             reduce using rule 58 (multiplicative_expression -> multiplicative_expression DIV unary_expression .)
    AND             reduce using rule 58 (multiplicative_expression -> multiplicative_expression DIV unary_expression .)
    OR              reduce using rule 58 (multiplicative_expression -> multiplicative_expression DIV unary_expression .)
    SEMI            reduce using rule 58 (multiplicative_expression -> multiplicative_expression DIV unary_expression .)
    COMMA           reduce using rule 58 (multiplicative_expression -> multiplicative_expression DIV unary_expression .)
    RPAREN          reduce using rule 58 (multiplicative_expression -> multiplicative_expression DIV unary_expression .)


state 127

    (59) multiplicative_expression -> multiplicative_expression MOD unary_expression .

    MULT            reduce using rule 59 (multiplicative_expression -> multiplicative_expression MOD unary_expression .)
    DIV             reduce using rule 59 (multiplicative_expression -> multiplicative_expression MOD unary_expression .)
    MOD             reduce using rule 59 (multiplicative_expression -> multiplicative_expression MOD unary_expression .)
    PLUS            reduce using rule 59 (multiplicative_expression -> multiplicative_expression MOD unary_expression .)
    MINUS           reduce using rule 59 (multiplicative_expression -> multiplicative_expression MOD unary_expression .)
    LT              reduce using rule 59 (multiplicative_expression -> multiplicative_expression MOD unary_expression .)
    LE              reduce using rule 59 (multiplicative_expression -> multiplicative_expression MOD unary_expression .)
    GT              reduce using rule 59 (multiplicative_expression -> multiplicative_expression MOD unary_expression .)
    GE              reduce using rule 59 (multiplicative_expression -> multiplicative_expression MOD unary_expression .)
    EQ              reduce using rule 59 (multiplicative_expression -> multiplicative_expression MOD unary_expression .)
    NEQ             reduce using rule 59 (multiplicative_expression -> multiplicative_expression MOD unary_expression .)
    AND             reduce using rule 59 (multiplicative_expression -> multiplicative_expression MOD unary_expression .)
    OR              reduce using rule 59 (multiplicative_expression -> multiplicative_expression MOD unary_expression .)
    SEMI            reduce using rule 59 (multiplicative_expression -> multiplicative_expression MOD unary_expression .)
    COMMA           reduce using rule 59 (multiplicative_expression -> multiplicative_expression MOD unary_expression .)
    RPAREN          reduce using rule 59 (multiplicative_expression -> multiplicative_expression MOD unary_expression .)


state 128

    (61) postfix_expression -> postfix_expression LPAREN argument_expression_list_opt . RPAREN

    RPAREN          shift and go to state 135


state 129

    (64) argument_expression_list_opt -> argument_expression_list .
    (67) argument_expression_list -> argument_expression_list . COMMA assignment_expression

    RPAREN          reduce using rule 64 (argument_expression_list_opt -> argument_expression_list .)
    COMMA           shift and go to state 136


state 130

    (65) argument_expression_list_opt -> empty .

    RPAREN          reduce using rule 65 (argument_expression_list_opt -> empty .)


state 131

    (66) argument_expression_list -> assignment_expression .

    COMMA           reduce using rule 66 (argument_expression_list -> assignment_expression .)
    RPAREN          reduce using rule 66 (argument_expression_list -> assignment_expression .)


state 132

    (77) selection_statement -> IF LPAREN expression RPAREN . statement
    (78) selection_statement -> IF LPAREN expression RPAREN . statement ELSE statement
    (29) statement -> . declaration
    (30) statement -> . expression_statement
    (31) statement -> . selection_statement
    (32) statement -> . iteration_statement
    (33) statement -> . jump_statement
    (34) statement -> . compound_statement
    (6) declaration -> . type_specifier init_declarator_list SEMI
    (35) expression_statement -> . expression SEMI
    (36) expression_statement -> . SEMI
    (77) selection_statement -> . IF LPAREN expression RPAREN statement
    (78) selection_statement -> . IF LPAREN expression RPAREN statement ELSE statement
    (79) iteration_statement -> . WHILE LPAREN expression RPAREN statement
    (80) iteration_statement -> . FOR LPAREN expression_statement expression_statement expression RPAREN statement
    (81) jump_statement -> . RETURN expression SEMI
    (82) jump_statement -> . BREAK SEMI
    (83) jump_statement -> . CONTINUE SEMI
    (25) compound_statement -> . LBRACE statement_list RBRACE
    (26) compound_statement -> . LBRACE RBRACE
    (7) type_specifier -> . INT
    (8) type_specifier -> . FLOAT
    (9) type_specifier -> . DOUBLE
    (10) type_specifier -> . CHAR
    (11) type_specifier -> . VOID
    (37) expression -> . assignment_expression
    (38) expression -> . expression COMMA assignment_expression
    (39) assignment_expression -> . ID ASSIGN assignment_expression
    (40) assignment_expression -> . logical_or_expression
    (41) logical_or_expression -> . logical_and_expression
    (42) logical_or_expression -> . logical_or_expression OR logical_and_expression
    (43) logical_and_expression -> . equality_expression
    (44) logical_and_expression -> . logical_and_expression AND equality_expression
    (45) equality_expression -> . relational_expression
    (46) equality_expression -> . equality_expression EQ relational_expression
    (47) equality_expression -> . equality_expression NEQ relational_expression
    (48) relational_expression -> . additive_expression
    (49) relational_expression -> . relational_expression LT additive_expression
    (50) relational_expression -> . relational_expression LE additive_expression
    (51) relational_expression -> . relational_expression GT additive_expression
    (52) relational_expression -> . relational_expression GE additive_expression
    (53) additive_expression -> . multiplicative_expression
    (54) additive_expression -> . additive_expression PLUS multiplicative_expression
    (55) additive_expression -> . additive_expression MINUS multiplicative_expression
    (56) multiplicative_expression -> . unary_expression
    (57) multiplicative_expression -> . multiplicative_expression MULT unary_expression
    (58) multiplicative_expression -> . multiplicative_expression DIV unary_expression
    (59) multiplicative_expression -> . multiplicative_expression MOD unary_expression
    (68) unary_expression -> . postfix_expression
    (69) unary_expression -> . PLUS unary_expression
    (70) unary_expression -> . MINUS unary_expression
    (71) unary_expression -> . NOT unary_expression
    (72) unary_expression -> . INCREMENT unary_expression
    (73) unary_expression -> . DECREMENT unary_expression
    (60) postfix_expression -> . primary_expression
    (61) postfix_expression -> . postfix_expression LPAREN argument_expression_list_opt RPAREN
    (62) postfix_expression -> . postfix_expression INCREMENT
    (63) postfix_expression -> . postfix_expression DECREMENT
    (74) primary_expression -> . ID
    (75) primary_expression -> . constant
    (76) primary_expression -> . LPAREN expression RPAREN
    (16) constant -> . NUMBER
    (17) constant -> . FLOATNUM
    (18) constant -> . CHAR_CONST
    (19) constant -> . STRING

    SEMI            shift and go to state 48
    IF              shift and go to state 50
    WHILE           shift and go to state 52
    FOR             shift and go to state 53
    RETURN          shift and go to state 54
    BREAK           shift and go to state 55
    CONTINUE        shift and go to state 56
    LBRACE          shift and go to state 35
    INT             shift and go to state 7
    FLOAT           shift and go to state 8
    DOUBLE          shift and go to state 9
    CHAR            shift and go to state 10
    VOID            shift and go to state 11
    ID              shift and go to state 58
    PLUS            shift and go to state 65
    MINUS           shift and go to state 66
    NOT             shift and go to state 69
    INCREMENT       shift and go to state 70
    DECREMENT       shift and go to state 71
    LPAREN          shift and go to state 51
    NUMBER          shift and go to state 25
    FLOATNUM        shift and go to state 26
    CHAR_CONST      shift and go to state 27
    STRING          shift and go to state 28

    expression                     shift and go to state 49
    statement                      shift and go to state 137
    declaration                    shift and go to state 41
    expression_statement           shift and go to state 42
    selection_statement            shift and go to state 43
    iteration_statement            shift and go to state 44
    jump_statement                 shift and go to state 45
    compound_statement             shift and go to state 46
    type_specifier                 shift and go to state 47
    assignment_expression          shift and go to state 57
    logical_or_expression          shift and go to state 59
    logical_and_expression         shift and go to state 60
    equality_expression            shift and go to state 61
    relational_expression          shift and go to state 62
    additive_expression            shift and go to state 63
    multiplicative_expression      shift and go to state 64
    unary_expression               shift and go to state 67
    postfix_expression             shift and go to state 68
    primary_expression             shift and go to state 72
    constant                       shift and go to state 73

state 133

    (79) iteration_statement -> WHILE LPAREN expression RPAREN . statement
    (29) statement -> . declaration
    (30) statement -> . expression_statement
    (31) statement -> . selection_statement
    (32) statement -> . iteration_statement
    (33) statement -> . jump_statement
    (34) statement -> . compound_statement
    (6) declaration -> . type_specifier init_declarator_list SEMI
    (35) expression_statement -> . expression SEMI
    (36) expression_statement -> . SEMI
    (77) selection_statement -> . IF LPAREN expression RPAREN statement
    (78) selection_statement -> . IF LPAREN expression RPAREN statement ELSE statement
    (79) iteration_statement -> . WHILE LPAREN expression RPAREN statement
    (80) iteration_statement -> . FOR LPAREN expression_statement expression_statement expression RPAREN statement
    (81) jump_statement -> . RETURN expression SEMI
    (82) jump_statement -> . BREAK SEMI
    (83) jump_statement -> . CONTINUE SEMI
    (25) compound_statement -> . LBRACE statement_list RBRACE
    (26) compound_statement -> . LBRACE RBRACE
    (7) type_specifier -> . INT
    (8) type_specifier -> . FLOAT
    (9) type_specifier -> . DOUBLE
    (10) type_specifier -> . CHAR
    (11) type_specifier -> . VOID
    (37) expression -> . assignment_expression
    (38) expression -> . expression COMMA assignment_expression
    (39) assignment_expression -> . ID ASSIGN assignment_expression
    (40) assignment_expression -> . logical_or_expression
    (41) logical_or_expression -> . logical_and_expression
    (42) logical_or_expression -> . logical_or_expression OR logical_and_expression
    (43) logical_and_expression -> . equality_expression
    (44) logical_and_expression -> . logical_and_expression AND equality_expression
    (45) equality_expression -> . relational_expression
    (46) equality_expression -> . equality_expression EQ relational_expression
    (47) equality_expression -> . equality_expression NEQ relational_expression
    (48) relational_expression -> . additive_expression
    (49) relational_expression -> . relational_expression LT additive_expression
    (50) relational_expression -> . relational_expression LE additive_expression
    (51) relational_expression -> . relational_expression GT additive_expression
    (52) relational_expression -> . relational_expression GE additive_expression
    (53) additive_expression -> . multiplicative_expression
    (54) additive_expression -> . additive_expression PLUS multiplicative_expression
    (55) additive_expression -> . additive_expression MINUS multiplicative_expression
    (56) multiplicative_expression -> . unary_expression
    (57) multiplicative_expression -> . multiplicative_expression MULT unary_expression
    (58) multiplicative_expression -> . multiplicative_expression DIV unary_expression
    (59) multiplicative_expression -> . multiplicative_expression MOD unary_expression
    (68) unary_expression -> . postfix_expression
    (69) unary_expression -> . PLUS unary_expression
    (70) unary_expression -> . MINUS unary_expression
    (71) unary_expression -> . NOT unary_expression
    (72) unary_expression -> . INCREMENT unary_expression
    (73) unary_expression -> . DECREMENT unary_expression
    (60) postfix_expression -> . primary_expression
    (61) postfix_expression -> . postfix_expression LPAREN argument_expression_list_opt RPAREN
    (62) postfix_expression -> . postfix_expression INCREMENT
    (63) postfix_expression -> . postfix_expression DECREMENT
    (74) primary_expression -> . ID
    (75) primary_expression -> . constant
    (76) primary_expression -> . LPAREN expression RPAREN
    (16) constant -> . NUMBER
    (17) constant -> . FLOATNUM
    (18) constant -> . CHAR_CONST
    (19) constant -> . STRING

    SEMI            shift and go to state 48
    IF              shift and go to state 50
    WHILE           shift and go to state 52
    FOR             shift and go to state 53
    RETURN          shift and go to state 54
    BREAK           shift and go to state 55
    CONTINUE        shift and go to state 56
    LBRACE          shift and go to state 35
    INT             shift and go to state 7
    FLOAT           shift and go to state 8
    DOUBLE          shift and go to state 9
    CHAR            shift and go to state 10
    VOID            shift and go to state 11
    ID              shift and go to state 58
    PLUS            shift and go to state 65
    MINUS           shift and go to state 66
    NOT             shift and go to state 69
    INCREMENT       shift and go to state 70
    DECREMENT       shift and go to state 71
    LPAREN          shift and go to state 51
    NUMBER          shift and go to state 25
    FLOATNUM        shift and go to state 26
    CHAR_CONST      shift and go to state 27
    STRING          shift and go to state 28

    expression                     shift and go to state 49
    statement                      shift and go to state 138
    declaration                    shift and go to state 41
    expression_statement           shift and go to state 42
    selection_statement            shift and go to state 43
    iteration_statement            shift and go to state 44
    jump_statement                 shift and go to state 45
    compound_statement             shift and go to state 46
    type_specifier                 shift and go to state 47
    assignment_expression          shift and go to state 57
    logical_or_expression          shift and go to state 59
    logical_and_expression         shift and go to state 60
    equality_expression            shift and go to state 61
    relational_expression          shift and go to state 62
    additive_expression            shift and go to state 63
    multiplicative_expression      shift and go to state 64
    unary_expression               shift and go to state 67
    postfix_expression             shift and go to state 68
    primary_expression             shift and go to state 72
    constant                       shift and go to state 73

state 134

    (80) iteration_statement -> FOR LPAREN expression_statement expression_statement . expression RPAREN statement
    (37) expression -> . assignment_expression
    (38) expression -> . expression COMMA assignment_expression
    (39) assignment_expression -> . ID ASSIGN assignment_expression
    (40) assignment_expression -> . logical_or_expression
    (41) logical_or_expression -> . logical_and_expression
    (42) logical_or_expression -> . logical_or_expression OR logical_and_expression
    (43) logical_and_expression -> . equality_expression
    (44) logical_and_expression -> . logical_and_expression AND equality_expression
    (45) equality_expression -> . relational_expression
    (46) equality_expression -> . equality_expression EQ relational_expression
    (47) equality_expression -> . equality_expression NEQ relational_expression
    (48) relational_expression -> . additive_expression
    (49) relational_expression -> . relational_expression LT additive_expression
    (50) relational_expression -> . relational_expression LE additive_expression
    (51) relational_expression -> . relational_expression GT additive_expression
    (52) relational_expression -> . relational_expression GE additive_expression
    (53) additive_expression -> . multiplicative_expression
    (54) additive_expression -> . additive_expression PLUS multiplicative_expression
    (55) additive_expression -> . additive_expression MINUS multiplicative_expression
    (56) multiplicative_expression -> . unary_expression
    (57) multiplicative_expression -> . multiplicative_expression MULT unary_expression
    (58) multiplicative_expression -> . multiplicative_expression DIV unary_expression
    (59) multiplicative_expression -> . multiplicative_expression MOD unary_expression
    (68) unary_expression -> . postfix_expression
    (69) unary_expression -> . PLUS unary_expression
    (70) unary_expression -> . MINUS unary_expression
    (71) unary_expression -> . NOT unary_expression
    (72) unary_expression -> . INCREMENT unary_expression
    (73) unary_expression -> . DECREMENT unary_expression
    (60) postfix_expression -> . primary_expression
    (61) postfix_expression -> . postfix_expression LPAREN argument_expression_list_opt RPAREN
    (62) postfix_expression -> . postfix_expression INCREMENT
    (63) postfix_expression -> . postfix_expression DECREMENT
    (74) primary_expression -> . ID
    (75) primary_expression -> . constant
    (76) primary_expression -> . LPAREN expression RPAREN
    (16) constant -> . NUMBER
    (17) constant -> . FLOATNUM
    (18) constant -> . CHAR_CONST
    (19) constant -> . STRING

    ID              shift and go to state 58
    PLUS            shift and go to state 65
    MINUS           shift and go to state 66
    NOT             shift and go to state 69
    INCREMENT       shift and go to state 70
    DECREMENT       shift and go to state 71
    LPAREN          shift and go to state 51
    NUMBER          shift and go to state 25
    FLOATNUM        shift and go to state 26
    CHAR_CONST      shift and go to state 27
    STRING          shift and go to state 28

    expression                     shift and go to state 139
    assignment_expression          shift and go to state 57
    logical_or_expression          shift and go to state 59
    logical_and_expression         shift and go to state 60
    equality_expression            shift and go to state 61
    relational_expression          shift and go to state 62
    additive_expression            shift and go to state 63
    multiplicative_expression      shift and go to state 64
    unary_expression               shift and go to state 67
    postfix_expression             shift and go to state 68
    primary_expression             shift and go to state 72
    constant                       shift and go to state 73

state 135

    (61) postfix_expression -> postfix_expression LPAREN argument_expression_list_opt RPAREN .

    LPAREN          reduce using rule 61 (postfix_expression -> postfix_expression LPAREN argument_expression_list_opt RPAREN .)
    INCREMENT       reduce using rule 61 (postfix_expression -> postfix_expression LPAREN argument_expression_list_opt RPAREN .)
    DECREMENT       reduce using rule 61 (postfix_expression -> postfix_expression LPAREN argument_expression_list_opt RPAREN .)
    MULT            reduce using rule 61 (postfix_expression -> postfix_expression LPAREN argument_expression_list_opt RPAREN .)
    DIV             reduce using rule 61 (postfix_expression -> postfix_expression LPAREN argument_expression_list_opt RPAREN .)
    MOD             reduce using rule 61 (postfix_expression -> postfix_expression LPAREN argument_expression_list_opt RPAREN .)
    PLUS            reduce using rule 61 (postfix_expression -> postfix_expression LPAREN argument_expression_list_opt RPAREN .)
    MINUS           reduce using rule 61 (postfix_expression -> postfix_expression LPAREN argument_expression_list_opt RPAREN .)
    LT              reduce using rule 61 (postfix_expression -> postfix_expression LPAREN argument_expression_list_opt RPAREN .)
    LE              reduce using rule 61 (postfix_expression -> postfix_expression LPAREN argument_expression_list_opt RPAREN .)
    GT              reduce using rule 61 (postfix_expression -> postfix_expression LPAREN argument_expression_list_opt RPAREN .)
    GE              reduce using rule 61 (postfix_expression -> postfix_expression LPAREN argument_expression_list_opt RPAREN .)
    EQ              reduce using rule 61 (postfix_expression -> postfix_expression LPAREN argument_expression_list_opt RPAREN .)
    NEQ             reduce using rule 61 (postfix_expression -> postfix_expression LPAREN argument_expression_list_opt RPAREN .)
    AND             reduce using rule 61 (postfix_expression -> postfix_expression LPAREN argument_expression_list_opt RPAREN .)
    OR              reduce using rule 61 (postfix_expression -> postfix_expression LPAREN argument_expression_list_opt RPAREN .)
    SEMI            reduce using rule 61 (postfix_expression -> postfix_expression LPAREN argument_expression_list_opt RPAREN .)
    COMMA           reduce using rule 61 (postfix_expression -> postfix_expression LPAREN argument_expression_list_opt RPAREN .)
    RPAREN          reduce using rule 61 (postfix_expression -> postfix_expression LPAREN argument_expression_list_opt RPAREN .)


state 136

    (67) argument_expression_list -> argument_expression_list COMMA . assignment_expression
    (39) assignment_expression -> . ID ASSIGN assignment_expression
    (40) assignment_expression -> . logical_or_expression
    (41) logical_or_expression -> . logical_and_expression
    (42) logical_or_expression -> . logical_or_expression OR logical_and_expression
    (43) logical_and_expression -> . equality_expression
    (44) logical_and_expression -> . logical_and_expression AND equality_expression
    (45) equality_expression -> . relational_expression
    (46) equality_expression -> . equality_expression EQ relational_expression
    (47) equality_expression -> . equality_expression NEQ relational_expression
    (48) relational_expression -> . additive_expression
    (49) relational_expression -> . relational_expression LT additive_expression
    (50) relational_expression -> . relational_expression LE additive_expression
    (51) relational_expression -> . relational_expression GT additive_expression
    (52) relational_expression -> . relational_expression GE additive_expression
    (53) additive_expression -> . multiplicative_expression
    (54) additive_expression -> . additive_expression PLUS multiplicative_expression
    (55) additive_expression -> . additive_expression MINUS multiplicative_expression
    (56) multiplicative_expression -> . unary_expression
    (57) multiplicative_expression -> . multiplicative_expression MULT unary_expression
    (58) multiplicative_expression -> . multiplicative_expression DIV unary_expression
    (59) multiplicative_expression -> . multiplicative_expression MOD unary_expression
    (68) unary_expression -> . postfix_expression
    (69) unary_expression -> . PLUS unary_expression
    (70) unary_expression -> . MINUS unary_expression
    (71) unary_expression -> . NOT unary_expression
    (72) unary_expression -> . INCREMENT unary_expression
    (73) unary_expression -> . DECREMENT unary_expression
    (60) postfix_expression -> . primary_expression
    (61) postfix_expression -> . postfix_expression LPAREN argument_expression_list_opt RPAREN
    (62) postfix_expression -> . postfix_expression INCREMENT
    (63) postfix_expression -> . postfix_expression DECREMENT
    (74) primary_expression -> . ID
    (75) primary_expression -> . constant
    (76) primary_expression -> . LPAREN expression RPAREN
    (16) constant -> . NUMBER
    (17) constant -> . FLOATNUM
    (18) constant -> . CHAR_CONST
    (19) constant -> . STRING

    ID              shift and go to state 58
    PLUS            shift and go to state 65
    MINUS           shift and go to state 66
    NOT             shift and go to state 69
    INCREMENT       shift and go to state 70
    DECREMENT       shift and go to state 71
    LPAREN          shift and go to state 51
    NUMBER          shift and go to state 25
    FLOATNUM        shift and go to state 26
    CHAR_CONST      shift and go to state 27
    STRING          shift and go to state 28

    assignment_expression          shift and go to state 140
    logical_or_expression          shift and go to state 59
    logical_and_expression         shift and go to state 60
    equality_expression            shift and go to state 61
    relational_expression          shift and go to state 62
    additive_expression            shift and go to state 63
    multiplicative_expression      shift and go to state 64
    unary_expression               shift and go to state 67
    postfix_expression             shift and go to state 68
    primary_expression             shift and go to state 72
    constant                       shift and go to state 73

state 137

    (77) selection_statement -> IF LPAREN expression RPAREN statement .
    (78) selection_statement -> IF LPAREN expression RPAREN statement . ELSE statement

  ! shift/reduce conflict for ELSE resolved as shift
    RBRACE          reduce using rule 77 (selection_statement -> IF LPAREN expression RPAREN statement .)
    SEMI            reduce using rule 77 (selection_statement -> IF LPAREN expression RPAREN statement .)
    IF              reduce using rule 77 (selection_statement -> IF LPAREN expression RPAREN statement .)
    WHILE           reduce using rule 77 (selection_statement -> IF LPAREN expression RPAREN statement .)
    FOR             reduce using rule 77 (selection_statement -> IF LPAREN expression RPAREN statement .)
    RETURN          reduce using rule 77 (selection_statement -> IF LPAREN expression RPAREN statement .)
    BREAK           reduce using rule 77 (selection_statement -> IF LPAREN expression RPAREN statement .)
    CONTINUE        reduce using rule 77 (selection_statement -> IF LPAREN expression RPAREN statement .)
    LBRACE          reduce using rule 77 (selection_statement -> IF LPAREN expression RPAREN statement .)
    INT             reduce using rule 77 (selection_statement -> IF LPAREN expression RPAREN statement .)
    FLOAT           reduce using rule 77 (selection_statement -> IF LPAREN expression RPAREN statement .)
    DOUBLE          reduce using rule 77 (selection_statement -> IF LPAREN expression RPAREN statement .)
    CHAR            reduce using rule 77 (selection_statement -> IF LPAREN expression RPAREN statement .)
    VOID            reduce using rule 77 (selection_statement -> IF LPAREN expression RPAREN statement .)
    ID              reduce using rule 77 (selection_statement -> IF LPAREN expression RPAREN statement .)
    PLUS            reduce using rule 77 (selection_statement -> IF LPAREN expression RPAREN statement .)
    MINUS           reduce using rule 77 (selection_statement -> IF LPAREN expression RPAREN statement .)
    NOT             reduce using rule 77 (selection_statement -> IF LPAREN expression RPAREN statement .)
    INCREMENT       reduce using rule 77 (selection_statement -> IF LPAREN expression RPAREN statement .)
    DECREMENT       reduce using rule 77 (selection_statement -> IF LPAREN expression RPAREN statement .)
    LPAREN          reduce using rule 77 (selection_statement -> IF LPAREN expression RPAREN statement .)
    NUMBER          reduce using rule 77 (selection_statement -> IF LPAREN expression RPAREN statement .)
    FLOATNUM        reduce using rule 77 (selection_statement -> IF LPAREN expression RPAREN statement .)
    CHAR_CONST      reduce using rule 77 (selection_statement -> IF LPAREN expression RPAREN statement .)
    STRING          reduce using rule 77 (selection_statement -> IF LPAREN expression RPAREN statement .)
    ELSE            shift and go to state 141

  ! ELSE            [ reduce using rule 77 (selection_statement -> IF LPAREN expression RPAREN statement .) ]


state 138

    (79) iteration_statement -> WHILE LPAREN expression RPAREN statement .

    RBRACE          reduce using rule 79 (iteration_statement -> WHILE LPAREN expression RPAREN statement .)
    SEMI            reduce using rule 79 (iteration_statement -> WHILE LPAREN expression RPAREN statement .)
    IF              reduce using rule 79 (iteration_statement -> WHILE LPAREN expression RPAREN statement .)
    WHILE           reduce using rule 79 (iteration_statement -> WHILE LPAREN expression RPAREN statement .)
    FOR             reduce using rule 79 (iteration_statement -> WHILE LPAREN expression RPAREN statement .)
    RETURN          reduce using rule 79 (iteration_statement -> WHILE LPAREN expression RPAREN statement .)
    BREAK           reduce using rule 79 (iteration_statement -> WHILE LPAREN expression RPAREN statement .)
    CONTINUE        reduce using rule 79 (iteration_statement -> WHILE LPAREN expression RPAREN statement .)
    LBRACE          reduce using rule 79 (iteration_statement -> WHILE LPAREN expression RPAREN statement .)
    INT             reduce using rule 79 (iteration_statement -> WHILE LPAREN expression RPAREN statement .)
    FLOAT           reduce using rule 79 (iteration_statement -> WHILE LPAREN expression RPAREN statement .)
    DOUBLE          reduce using rule 79 (iteration_statement -> WHILE LPAREN expression RPAREN statement .)
    CHAR            reduce using rule 79 (iteration_statement -> WHILE LPAREN expression RPAREN statement .)
    VOID            reduce using rule 79 (iteration_statement -> WHILE LPAREN expression RPAREN statement .)
    ID              reduce using rule 79 (iteration_statement -> WHILE LPAREN expression RPAREN statement .)
    PLUS            reduce using rule 79 (iteration_statement -> WHILE LPAREN expression RPAREN statement .)
    MINUS           reduce using rule 79 (iteration_statement -> WHILE LPAREN expression RPAREN statement .)
    NOT             reduce using rule 79 (iteration_statement -> WHILE LPAREN expression RPAREN statement .)
    INCREMENT       reduce using rule 79 (iteration_statement -> WHILE LPAREN expression RPAREN statement .)
    DECREMENT       reduce using rule 79 (iteration_statement -> WHILE LPAREN expression RPAREN statement .)
    LPAREN          reduce using rule 79 (iteration_statement -> WHILE LPAREN expression RPAREN statement .)
    NUMBER          reduce using rule 79 (iteration_statement -> WHILE LPAREN expression RPAREN statement .)
    FLOATNUM        reduce using rule 79 (iteration_statement -> WHILE LPAREN expression RPAREN statement .)
    CHAR_CONST      reduce using rule 79 (iteration_statement -> WHILE LPAREN expression RPAREN statement .)
    STRING          reduce using rule 79 (iteration_statement -> WHILE LPAREN expression RPAREN statement .)
    ELSE            reduce using rule 79 (iteration_statement -> WHILE LPAREN expression RPAREN statement .)


state 139

    (80) iteration_statement -> FOR LPAREN expression_statement expression_statement expression . RPAREN statement
    (38) expression -> expression . COMMA assignment_expression

    RPAREN          shift and go to state 142
    COMMA           shift and go to state 77


state 140

    (67) argument_expression_list -> argument_expression_list COMMA assignment_expression .

    COMMA           reduce using rule 67 (argument_expression_list -> argument_expression_list COMMA assignment_expression .)
    RPAREN          reduce using rule 67 (argument_expression_list -> argument_expression_list COMMA assignment_expression .)


state 141

    (78) selection_statement -> IF LPAREN expression RPAREN statement ELSE . statement
    (29) statement -> . declaration
    (30) statement -> . expression_statement
    (31) statement -> . selection_statement
    (32) statement -> . iteration_statement
    (33) statement -> . jump_statement
    (34) statement -> . compound_statement
    (6) declaration -> . type_specifier init_declarator_list SEMI
    (35) expression_statement -> . expression SEMI
    (36) expression_statement -> . SEMI
    (77) selection_statement -> . IF LPAREN expression RPAREN statement
    (78) selection_statement -> . IF LPAREN expression RPAREN statement ELSE statement
    (79) iteration_statement -> . WHILE LPAREN expression RPAREN statement
    (80) iteration_statement -> . FOR LPAREN expression_statement expression_statement expression RPAREN statement
    (81) jump_statement -> . RETURN expression SEMI
    (82) jump_statement -> . BREAK SEMI
    (83) jump_statement -> . CONTINUE SEMI
    (25) compound_statement -> . LBRACE statement_list RBRACE
    (26) compound_statement -> . LBRACE RBRACE
    (7) type_specifier -> . INT
    (8) type_specifier -> . FLOAT
    (9) type_specifier -> . DOUBLE
    (10) type_specifier -> . CHAR
    (11) type_specifier -> . VOID
    (37) expression -> . assignment_expression
    (38) expression -> . expression COMMA assignment_expression
    (39) assignment_expression -> . ID ASSIGN assignment_expression
    (40) assignment_expression -> . logical_or_expression
    (41) logical_or_expression -> . logical_and_expression
    (42) logical_or_expression -> . logical_or_expression OR logical_and_expression
    (43) logical_and_expression -> . equality_expression
    (44) logical_and_expression -> . logical_and_expression AND equality_expression
    (45) equality_expression -> . relational_expression
    (46) equality_expression -> . equality_expression EQ relational_expression
    (47) equality_expression -> . equality_expression NEQ relational_expression
    (48) relational_expression -> . additive_expression
    (49) relational_expression -> . relational_expression LT additive_expression
    (50) relational_expression -> . relational_expression LE additive_expression
    (51) relational_expression -> . relational_expression GT additive_expression
    (52) relational_expression -> . relational_expression GE additive_expression
    (53) additive_expression -> . multiplicative_expression
    (54) additive_expression -> . additive_expression PLUS multiplicative_expression
    (55) additive_expression -> . additive_expression MINUS multiplicative_expression
    (56) multiplicative_expression -> . unary_expression
    (57) multiplicative_expression -> . multiplicative_expression MULT unary_expression
    (58) multiplicative_expression -> . multiplicative_expression DIV unary_expression
    (59) multiplicative_expression -> . multiplicative_expression MOD unary_expression
    (68) unary_expression -> . postfix_expression
    (69) unary_expression -> . PLUS unary_expression
    (70) unary_expression -> . MINUS unary_expression
    (71) unary_expression -> . NOT unary_expression
    (72) unary_expression -> . INCREMENT unary_expression
    (73) unary_expression -> . DECREMENT unary_expression
    (60) postfix_expression -> . primary_expression
    (61) postfix_expression -> . postfix_expression LPAREN argument_expression_list_opt RPAREN
    (62) postfix_expression -> . postfix_expression INCREMENT
    (63) postfix_expression -> . postfix_expression DECREMENT
    (74) primary_expression -> . ID
    (75) primary_expression -> . constant
    (76) primary_expression -> . LPAREN expression RPAREN
    (16) constant -> . NUMBER
    (17) constant -> . FLOATNUM
    (18) constant -> . CHAR_CONST
    (19) constant -> . STRING

    SEMI            shift and go to state 48
    IF              shift and go to state 50
    WHILE           shift and go to state 52
    FOR             shift and go to state 53
    RETURN          shift and go to state 54
    BREAK           shift and go to state 55
    CONTINUE        shift and go to state 56
    LBRACE          shift and go to state 35
    INT             shift and go to state 7
    FLOAT           shift and go to state 8
    DOUBLE          shift and go to state 9
    CHAR            shift and go to state 10
    VOID            shift and go to state 11
    ID              shift and go to state 58
    PLUS            shift and go to state 65
    MINUS           shift and go to state 66
    NOT             shift and go to state 69
    INCREMENT       shift and go to state 70
    DECREMENT       shift and go to state 71
    LPAREN          shift and go to state 51
    NUMBER          shift and go to state 25
    FLOATNUM        shift and go to state 26
    CHAR_CONST      shift and go to state 27
    STRING          shift and go to state 28

    expression                     shift and go to state 49
    statement                      shift and go to state 143
    declaration                    shift and go to state 41
    expression_statement           shift and go to state 42
    selection_statement            shift and go to state 43
    iteration_statement            shift and go to state 44
    jump_statement                 shift and go to state 45
    compound_statement             shift and go to state 46
    type_specifier                 shift and go to state 47
    assignment_expression          shift and go to state 57
    logical_or_expression          shift and go to state 59
    logical_and_expression         shift and go to state 60
    equality_expression            shift and go to state 61
    relational_expression          shift and go to state 62
    additive_expression            shift and go to state 63
    multiplicative_expression      shift and go to state 64
    unary_expression               shift and go to state 67
    postfix_expression             shift and go to state 68
    primary_expression             shift and go to state 72
    constant                       shift and go to state 73

state 142

    (80) iteration_statement -> FOR LPAREN expression_statement expression_statement expression RPAREN . statement
    (29) statement -> . declaration
    (30) statement -> . expression_statement
    (31) statement -> . selection_statement
    (32) statement -> . iteration_statement
    (33) statement -> . jump_statement
    (34) statement -> . compound_statement
    (6) declaration -> . type_specifier init_declarator_list SEMI
    (35) expression_statement -> . expression SEMI
    (36) expression_statement -> . SEMI
    (77) selection_statement -> . IF LPAREN expression RPAREN statement
    (78) selection_statement -> . IF LPAREN expression RPAREN statement ELSE statement
    (79) iteration_statement -> . WHILE LPAREN expression RPAREN statement
    (80) iteration_statement -> . FOR LPAREN expression_statement expression_statement expression RPAREN statement
    (81) jump_statement -> . RETURN expression SEMI
    (82) jump_statement -> . BREAK SEMI
    (83) jump_statement -> . CONTINUE SEMI
    (25) compound_statement -> . LBRACE statement_list RBRACE
    (26) compound_statement -> . LBRACE RBRACE
    (7) type_specifier -> . INT
    (8) type_specifier -> . FLOAT
    (9) type_specifier -> . DOUBLE
    (10) type_specifier -> . CHAR
    (11) type_specifier -> . VOID
    (37) expression -> . assignment_expression
    (38) expression -> . expression COMMA assignment_expression
    (39) assignment_expression -> . ID ASSIGN assignment_expression
    (40) assignment_expression -> . logical_or_expression
    (41) logical_or_expression -> . logical_and_expression
    (42) logical_or_expression -> . logical_or_expression OR logical_and_expression
    (43) logical_and_expression -> . equality_expression
    (44) logical_and_expression -> . logical_and_expression AND equality_expression
    (45) equality_expression -> . relational_expression
    (46) equality_expression -> . equality_expression EQ relational_expression
    (47) equality_expression -> . equality_expression NEQ relational_expression
    (48) relational_expression -> . additive_expression
    (49) relational_expression -> . relational_expression LT additive_expression
    (50) relational_expression -> . relational_expression LE additive_expression
    (51) relational_expression -> . relational_expression GT additive_expression
    (52) relational_expression -> . relational_expression GE additive_expression
    (53) additive_expression -> . multiplicative_expression
    (54) additive_expression -> . additive_expression PLUS multiplicative_expression
    (55) additive_expression -> . additive_expression MINUS multiplicative_expression
    (56) multiplicative_expression -> . unary_expression
    (57) multiplicative_expression -> . multiplicative_expression MULT unary_expression
    (58) multiplicative_expression -> . multiplicative_expression DIV unary_expression
    (59) multiplicative_expression -> . multiplicative_expression MOD unary_expression
    (68) unary_expression -> . postfix_expression
    (69) unary_expression -> . PLUS unary_expression
    (70) unary_expression -> . MINUS unary_expression
    (71) unary_expression -> . NOT unary_expression
    (72) unary_expression -> . INCREMENT unary_expression
    (73) unary_expression -> . DECREMENT unary_expression
    (60) postfix_expression -> . primary_expression
    (61) postfix_expression -> . postfix_expression LPAREN argument_expression_list_opt RPAREN
    (62) postfix_expression -> . postfix_expression INCREMENT
    (63) postfix_expression -> . postfix_expression DECREMENT
    (74) primary_expression -> . ID
    (75) primary_expression -> . constant
    (76) primary_expression -> . LPAREN expression RPAREN
    (16) constant -> . NUMBER
    (17) constant -> . FLOATNUM
    (18) constant -> . CHAR_CONST
    (19) constant -> . STRING

    SEMI            shift and go to state 48
    IF              shift and go to state 50
    WHILE           shift and go to state 52
    FOR             shift and go to state 53
    RETURN          shift and go to state 54
    BREAK           shift and go to state 55
    CONTINUE        shift and go to state 56
    LBRACE          shift and go to state 35
    INT             shift and go to state 7
    FLOAT           shift and go to state 8
    DOUBLE          shift and go to state 9
    CHAR            shift and go to state 10
    VOID            shift and go to state 11
    ID              shift and go to state 58
    PLUS            shift and go to state 65
    MINUS           shift and go to state 66
    NOT             shift and go to state 69
    INCREMENT       shift and go to state 70
    DECREMENT       shift and go to state 71
    LPAREN          shift and go to state 51
    NUMBER          shift and go to state 25
    FLOATNUM        shift and go to state 26
    CHAR_CONST      shift and go to state 27
    STRING          shift and go to state 28

    expression_statement           shift and go to state 42
    expression                     shift and go to state 49
    statement                      shift and go to state 144
    declaration                    shift and go to state 41
    selection_statement            shift and go to state 43
    iteration_statement            shift and go to state 44
    jump_statement                 shift and go to state 45
    compound_statement             shift and go to state 46
    type_specifier                 shift and go to state 47
    assignment_expression          shift and go to state 57
    logical_or_expression          shift and go to state 59
    logical_and_expression         shift and go to state 60
    equality_expression            shift and go to state 61
    relational_expression          shift and go to state 62
    additive_expression            shift and go to state 63
    multiplicative_expression      shift and go to state 64
    unary_expression               shift and go to state 67
    postfix_expression             shift and go to state 68
    primary_expression             shift and go to state 72
    constant                       shift and go to state 73

state 143

    (78) selection_statement -> IF LPAREN expression RPAREN statement ELSE statement .

    RBRACE          reduce using rule 78 (selection_statement -> IF LPAREN expression RPAREN statement ELSE statement .)
    SEMI            reduce using rule 78 (selection_statement -> IF LPAREN expression RPAREN statement ELSE statement .)
    IF              reduce using rule 78 (selection_statement -> IF LPAREN expression RPAREN statement ELSE statement .)
    WHILE           reduce using rule 78 (selection_statement -> IF LPAREN expression RPAREN statement ELSE statement .)
    FOR             reduce using rule 78 (selection_statement -> IF LPAREN expression RPAREN statement ELSE statement .)
    RETURN          reduce using rule 78 (selection_statement -> IF LPAREN expression RPAREN statement ELSE statement .)
    BREAK           reduce using rule 78 (selection_statement -> IF LPAREN expression RPAREN statement ELSE statement .)
    CONTINUE        reduce using rule 78 (selection_statement -> IF LPAREN expression RPAREN statement ELSE statement .)
    LBRACE          reduce using rule 78 (selection_statement -> IF LPAREN expression RPAREN statement ELSE statement .)
    INT             reduce using rule 78 (selection_statement -> IF LPAREN expression RPAREN statement ELSE statement .)
    FLOAT           reduce using rule 78 (selection_statement -> IF LPAREN expression RPAREN statement ELSE statement .)
    DOUBLE          reduce using rule 78 (selection_statement -> IF LPAREN expression RPAREN statement ELSE statement .)
    CHAR            reduce using rule 78 (selection_statement -> IF LPAREN expression RPAREN statement ELSE statement .)
    VOID            reduce using rule 78 (selection_statement -> IF LPAREN expression RPAREN statement ELSE statement .)
    ID              reduce using rule 78 (selection_statement -> IF LPAREN expression RPAREN statement ELSE statement .)
    PLUS            reduce using rule 78 (selection_statement -> IF LPAREN expression RPAREN statement ELSE statement .)
    MINUS           reduce using rule 78 (selection_statement -> IF LPAREN expression RPAREN statement ELSE statement .)
    NOT             reduce using rule 78 (selection_statement -> IF LPAREN expression RPAREN statement ELSE statement .)
    INCREMENT       reduce using rule 78 (selection_statement -> IF LPAREN expression RPAREN statement ELSE statement .)
    DECREMENT       reduce using rule 78 (selection_statement -> IF LPAREN expression RPAREN statement ELSE statement .)
    LPAREN          reduce using rule 78 (selection_statement -> IF LPAREN expression RPAREN statement ELSE statement .)
    NUMBER          reduce using rule 78 (selection_statement -> IF LPAREN expression RPAREN statement ELSE statement .)
    FLOATNUM        reduce using rule 78 (selection_statement -> IF LPAREN expression RPAREN statement ELSE statement .)
    CHAR_CONST      reduce using rule 78 (selection_statement -> IF LPAREN expression RPAREN statement ELSE statement .)
    STRING          reduce using rule 78 (selection_statement -> IF LPAREN expression RPAREN statement ELSE statement .)
    ELSE            reduce using rule 78 (selection_statement -> IF LPAREN expression RPAREN statement ELSE statement .)


state 144

    (80) iteration_statement -> FOR LPAREN expression_statement expression_statement expression RPAREN statement .

    RBRACE          reduce using rule 80 (iteration_statement -> FOR LPAREN expression_statement expression_statement expression RPAREN statement .)
    SEMI            reduce using rule 80 (iteration_statement -> FOR LPAREN expression_statement expression_statement expression RPAREN statement .)
    IF              reduce using rule 80 (iteration_statement -> FOR LPAREN expression_statement expression_statement expression RPAREN statement .)
    WHILE           reduce using rule 80 (iteration_statement -> FOR LPAREN expression_statement expression_statement expression RPAREN statement .)
    FOR             reduce using rule 80 (iteration_statement -> FOR LPAREN expression_statement expression_statement expression RPAREN statement .)
    RETURN          reduce using rule 80 (iteration_statement -> FOR LPAREN expression_statement expression_statement expression RPAREN statement .)
    BREAK           reduce using rule 80 (iteration_statement -> FOR LPAREN expression_statement expression_statement expression RPAREN statement .)
    CONTINUE        reduce using rule 80 (iteration_statement -> FOR LPAREN expression_statement expression_statement expression RPAREN statement .)
    LBRACE          reduce using rule 80 (iteration_statement -> FOR LPAREN expression_statement expression_statement expression RPAREN statement .)
    INT             reduce using rule 80 (iteration_statement -> FOR LPAREN expression_statement expression_statement expression RPAREN statement .)
    FLOAT           reduce using rule 80 (iteration_statement -> FOR LPAREN expression_statement expression_statement expression RPAREN statement .)
    DOUBLE          reduce using rule 80 (iteration_statement -> FOR LPAREN expression_statement expression_statement expression RPAREN statement .)
    CHAR            reduce using rule 80 (iteration_statement -> FOR LPAREN expression_statement expression_statement expression RPAREN statement .)
    VOID            reduce using rule 80 (iteration_statement -> FOR LPAREN expression_statement expression_statement expression RPAREN statement .)
    ID              reduce using rule 80 (iteration_statement -> FOR LPAREN expression_statement expression_statement expression RPAREN statement .)
    PLUS            reduce using rule 80 (iteration_statement -> FOR LPAREN expression_statement expression_statement expression RPAREN statement .)
    MINUS           reduce using rule 80 (iteration_statement -> FOR LPAREN expression_statement expression_statement expression RPAREN statement .)
    NOT             reduce using rule 80 (iteration_statement -> FOR LPAREN expression_statement expression_statement expression RPAREN statement .)
    INCREMENT       reduce using rule 80 (iteration_statement -> FOR LPAREN expression_statement expression_statement expression RPAREN statement .)
    DECREMENT       reduce using rule 80 (iteration_statement -> FOR LPAREN expression_statement expression_statement expression RPAREN statement .)
    LPAREN          reduce using rule 80 (iteration_statement -> FOR LPAREN expression_statement expression_statement expression RPAREN statement .)
    NUMBER          reduce using rule 80 (iteration_statement -> FOR LPAREN expression_statement expression_statement expression RPAREN statement .)
    FLOATNUM        reduce using rule 80 (iteration_statement -> FOR LPAREN expression_statement expression_statement expression RPAREN statement .)
    CHAR_CONST      reduce using rule 80 (iteration_statement -> FOR LPAREN expression_statement expression_statement expression RPAREN statement .)
    STRING          reduce using rule 80 (iteration_statement -> FOR LPAREN expression_statement expression_statement expression RPAREN statement .)
    ELSE            reduce using rule 80 (iteration_statement -> FOR LPAREN expression_statement expression_statement expression RPAREN statement .)

WARNING: 
WARNING: Conflicts:
WARNING: 
WARNING: shift/reduce conflict for ELSE in state 137 resolved as shift
